0.000000e+00,-9.000000e+01,1.100000e+01,0.000000e+00,0.000000e+00
1.000000e-03,-9.000000e+01,1.100000e+01,0.000000e+00,0.000000e+00
2.038000e+00,-9.000000e+01,1.100000e+01,0.000000e+00,0.000000e+00
2.046000e+00,-9.000000e+01,1.100000e+01,0.000000e+00,0.000000e+00
2.052000e+00,-9.000000e+01,1.100000e+01,0.000000e+00,0.000000e+00
2.056000e+00,-9.000000e+01,1.100000e+01,0.000000e+00,0.000000e+00
2.063000e+00,-9.000000e+01,1.100000e+01,0.000000e+00,0.000000e+00
2.067000e+00,-9.000000e+01,1.100000e+01,0.000000e+00,0.000000e+00
2.072000e+00,-9.000000e+01,1.100000e+01,0.000000e+00,0.000000e+00
2.079000e+00,-9.000000e+01,1.100000e+01,0.000000e+00,0.000000e+00
2.083000e+00,-9.000000e+01,1.100000e+01,0.000000e+00,0.000000e+00
2.088000e+00,-9.000000e+01,1.100000e+01,0.000000e+00,0.000000e+00
2.092000e+00,-9.000000e+01,1.100000e+01,0.000000e+00,0.000000e+00
2.097000e+00,-9.000000e+01,1.100000e+01,0.000000e+00,0.000000e+00
2.102000e+00,-9.000000e+01,1.100000e+01,0.000000e+00,0.000000e+00
2.106000e+00,-9.000000e+01,1.100000e+01,0.000000e+00,0.000000e+00
2.111000e+00,-9.000000e+01,1.100000e+01,0.000000e+00,0.000000e+00
2.116000e+00,-9.000000e+01,1.100000e+01,0.000000e+00,0.000000e+00
2.121000e+00,-9.000000e+01,1.100000e+01,0.000000e+00,0.000000e+00
2.125000e+00,-9.000000e+01,1.100000e+01,0.000000e+00,0.000000e+00
2.131000e+00,-9.000000e+01,1.100000e+01,0.000000e+00,0.000000e+00
2.136000e+00,-9.000000e+01,1.100000e+01,0.000000e+00,0.000000e+00
2.139000e+00,-9.000000e+01,1.100000e+01,0.000000e+00,0.000000e+00
2.144000e+00,-9.000000e+01,1.100000e+01,0.000000e+00,0.000000e+00
2.149000e+00,-9.000000e+01,1.100000e+01,0.000000e+00,0.000000e+00
2.154000e+00,-9.000000e+01,1.100000e+01,0.000000e+00,0.000000e+00
2.158000e+00,-9.000000e+01,1.100000e+01,0.000000e+00,0.000000e+00
2.164000e+00,-9.000000e+01,1.100000e+01,0.000000e+00,0.000000e+00
2.170000e+00,-9.000000e+01,1.100000e+01,0.000000e+00,0.000000e+00
2.176000e+00,-9.000000e+01,1.100000e+01,0.000000e+00,0.000000e+00
2.180000e+00,-9.000000e+01,1.100000e+01,0.000000e+00,0.000000e+00
2.184000e+00,-9.000000e+01,1.100000e+01,0.000000e+00,0.000000e+00
2.188000e+00,-9.000000e+01,1.100000e+01,0.000000e+00,0.000000e+00
2.193000e+00,-9.000000e+01,1.100000e+01,0.000000e+00,0.000000e+00
2.198000e+00,-9.000000e+01,1.100000e+01,0.000000e+00,0.000000e+00
2.202000e+00,-9.000000e+01,1.100000e+01,0.000000e+00,0.000000e+00
2.206000e+00,-9.000000e+01,1.100000e+01,0.000000e+00,0.000000e+00
2.210000e+00,-9.000000e+01,1.100000e+01,0.000000e+00,0.000000e+00
2.214000e+00,-9.000000e+01,1.100000e+01,0.000000e+00,0.000000e+00
2.219000e+00,-9.000000e+01,1.100000e+01,0.000000e+00,0.000000e+00
2.223000e+00,-9.000000e+01,1.100000e+01,0.000000e+00,0.000000e+00
2.228000e+00,-9.000000e+01,1.100000e+01,0.000000e+00,0.000000e+00
2.233000e+00,-9.000000e+01,1.100000e+01,0.000000e+00,0.000000e+00
2.236000e+00,-9.000000e+01,1.100000e+01,0.000000e+00,0.000000e+00
2.241000e+00,-9.000000e+01,1.100000e+01,0.000000e+00,0.000000e+00
2.245000e+00,-9.000000e+01,1.100000e+01,0.000000e+00,0.000000e+00
2.249000e+00,-9.000000e+01,1.100000e+01,0.000000e+00,0.000000e+00
2.253000e+00,-9.000000e+01,1.100000e+01,0.000000e+00,0.000000e+00
2.258000e+00,-9.000000e+01,1.100000e+01,0.000000e+00,0.000000e+00
2.262000e+00,-9.000000e+01,1.100000e+01,0.000000e+00,0.000000e+00
2.267000e+00,-9.000000e+01,1.100000e+01,0.000000e+00,0.000000e+00
2.271000e+00,-9.000000e+01,1.100000e+01,0.000000e+00,0.000000e+00
2.275000e+00,-9.000000e+01,1.100000e+01,0.000000e+00,0.000000e+00
2.281000e+00,-9.000000e+01,1.100000e+01,0.000000e+00,0.000000e+00
2.285000e+00,-9.000000e+01,1.100000e+01,0.000000e+00,0.000000e+00
2.290000e+00,-9.000000e+01,1.100000e+01,0.000000e+00,0.000000e+00
2.296000e+00,-9.000000e+01,1.100000e+01,0.000000e+00,0.000000e+00
2.300000e+00,-9.000000e+01,1.100000e+01,0.000000e+00,0.000000e+00
2.305000e+00,-9.000000e+01,1.100000e+01,0.000000e+00,0.000000e+00
2.310000e+00,-9.000000e+01,1.100000e+01,0.000000e+00,0.000000e+00
2.315000e+00,-9.000000e+01,1.100000e+01,0.000000e+00,0.000000e+00
2.320000e+00,-9.000000e+01,1.100000e+01,0.000000e+00,0.000000e+00
2.325000e+00,-9.000000e+01,1.100000e+01,0.000000e+00,0.000000e+00
2.330000e+00,-9.000000e+01,1.100000e+01,0.000000e+00,0.000000e+00
2.334000e+00,-9.000000e+01,1.100000e+01,0.000000e+00,0.000000e+00
2.339000e+00,-9.000000e+01,1.100000e+01,0.000000e+00,0.000000e+00
2.344000e+00,-9.000000e+01,1.100000e+01,0.000000e+00,0.000000e+00
2.347000e+00,-9.000000e+01,1.100000e+01,0.000000e+00,0.000000e+00
2.352000e+00,-9.000000e+01,1.100000e+01,0.000000e+00,0.000000e+00
2.358000e+00,-9.000000e+01,1.100000e+01,0.000000e+00,0.000000e+00
2.362000e+00,-9.000000e+01,1.100000e+01,0.000000e+00,0.000000e+00
2.367000e+00,-9.000000e+01,1.100000e+01,0.000000e+00,0.000000e+00
2.373000e+00,-9.000000e+01,1.100000e+01,0.000000e+00,0.000000e+00
2.378000e+00,-9.000000e+01,1.100000e+01,0.000000e+00,0.000000e+00
2.383000e+00,-9.000000e+01,1.100000e+01,0.000000e+00,0.000000e+00
2.388000e+00,-9.000000e+01,1.100000e+01,0.000000e+00,0.000000e+00
2.393000e+00,-9.000000e+01,1.100000e+01,0.000000e+00,0.000000e+00
2.398000e+00,-9.000000e+01,1.100000e+01,0.000000e+00,0.000000e+00
2.403000e+00,-9.000000e+01,1.100000e+01,0.000000e+00,0.000000e+00
2.408000e+00,-9.000000e+01,1.100000e+01,0.000000e+00,0.000000e+00
2.414000e+00,-9.000000e+01,1.100000e+01,0.000000e+00,0.000000e+00
2.419000e+00,-9.000000e+01,1.100000e+01,0.000000e+00,0.000000e+00
2.423000e+00,-9.000000e+01,1.100000e+01,0.000000e+00,0.000000e+00
2.427000e+00,-9.000000e+01,1.100000e+01,0.000000e+00,0.000000e+00
2.432000e+00,-9.000000e+01,1.100000e+01,0.000000e+00,0.000000e+00
2.436000e+00,-9.000000e+01,1.100000e+01,0.000000e+00,0.000000e+00
2.441000e+00,-9.000000e+01,1.100000e+01,0.000000e+00,0.000000e+00
2.446000e+00,-9.000000e+01,1.100000e+01,0.000000e+00,0.000000e+00
2.450000e+00,-9.000000e+01,1.100000e+01,0.000000e+00,0.000000e+00
2.455000e+00,-9.000000e+01,1.100000e+01,0.000000e+00,0.000000e+00
2.459000e+00,-9.000000e+01,1.100000e+01,0.000000e+00,0.000000e+00
2.464000e+00,-9.000000e+01,1.100000e+01,0.000000e+00,0.000000e+00
2.470000e+00,-9.000000e+01,1.100000e+01,0.000000e+00,0.000000e+00
2.475000e+00,-9.000000e+01,1.100000e+01,0.000000e+00,0.000000e+00
2.481000e+00,-9.000000e+01,1.100000e+01,0.000000e+00,0.000000e+00
2.485000e+00,-9.000000e+01,1.100000e+01,0.000000e+00,0.000000e+00
2.491000e+00,-9.000000e+01,1.100000e+01,0.000000e+00,0.000000e+00
2.496000e+00,-9.000000e+01,1.100000e+01,0.000000e+00,0.000000e+00
2.501000e+00,-9.000000e+01,1.100000e+01,0.000000e+00,0.000000e+00
2.506000e+00,-9.000000e+01,1.100000e+01,0.000000e+00,0.000000e+00
2.512000e+00,-9.000000e+01,1.100000e+01,0.000000e+00,0.000000e+00
2.518000e+00,-9.000000e+01,1.100000e+01,0.000000e+00,0.000000e+00
2.524000e+00,-9.000000e+01,1.100000e+01,0.000000e+00,0.000000e+00
2.529000e+00,-9.000000e+01,1.100000e+01,0.000000e+00,0.000000e+00
2.534000e+00,-9.000000e+01,1.100000e+01,0.000000e+00,0.000000e+00
2.539000e+00,-9.000000e+01,1.100000e+01,0.000000e+00,0.000000e+00
2.544000e+00,-9.000000e+01,1.100000e+01,0.000000e+00,0.000000e+00
2.549000e+00,-9.000000e+01,1.100000e+01,0.000000e+00,0.000000e+00
2.553000e+00,-9.000000e+01,1.100000e+01,0.000000e+00,0.000000e+00
2.558000e+00,-9.000000e+01,1.100000e+01,0.000000e+00,0.000000e+00
2.563000e+00,-9.000000e+01,1.100000e+01,0.000000e+00,0.000000e+00
2.567000e+00,-9.000000e+01,1.100000e+01,0.000000e+00,0.000000e+00
2.572000e+00,-9.000000e+01,1.100000e+01,0.000000e+00,0.000000e+00
2.575000e+00,-9.000000e+01,1.100000e+01,0.000000e+00,0.000000e+00
2.580000e+00,-9.000000e+01,1.100000e+01,0.000000e+00,0.000000e+00
2.584000e+00,-9.000000e+01,1.100000e+01,0.000000e+00,0.000000e+00
2.588000e+00,-9.000000e+01,1.100000e+01,0.000000e+00,0.000000e+00
2.593000e+00,-9.000000e+01,1.100000e+01,0.000000e+00,0.000000e+00
2.598000e+00,-9.000000e+01,1.100000e+01,0.000000e+00,0.000000e+00
2.602000e+00,-9.000000e+01,1.100000e+01,0.000000e+00,0.000000e+00
2.606000e+00,-9.000000e+01,1.100000e+01,0.000000e+00,0.000000e+00
2.611000e+00,-9.000000e+01,1.100000e+01,0.000000e+00,0.000000e+00
2.615000e+00,-9.000000e+01,1.100000e+01,0.000000e+00,0.000000e+00
2.621000e+00,-9.000000e+01,1.100000e+01,0.000000e+00,0.000000e+00
2.624000e+00,-9.000000e+01,1.100000e+01,0.000000e+00,0.000000e+00
2.628000e+00,-9.000000e+01,1.100000e+01,0.000000e+00,0.000000e+00
2.632000e+00,-9.000000e+01,1.100000e+01,0.000000e+00,0.000000e+00
2.636000e+00,-9.000000e+01,1.100000e+01,0.000000e+00,0.000000e+00
2.642000e+00,-9.000000e+01,1.100000e+01,0.000000e+00,0.000000e+00
2.646000e+00,-9.000000e+01,1.100000e+01,0.000000e+00,0.000000e+00
2.652000e+00,-9.000000e+01,1.100000e+01,0.000000e+00,0.000000e+00
2.657000e+00,-9.000000e+01,1.100000e+01,0.000000e+00,0.000000e+00
2.661000e+00,-9.000000e+01,1.100000e+01,0.000000e+00,0.000000e+00
2.664000e+00,-9.000000e+01,1.100000e+01,0.000000e+00,0.000000e+00
2.669000e+00,-9.000000e+01,1.100000e+01,0.000000e+00,0.000000e+00
2.673000e+00,-9.000000e+01,1.100000e+01,0.000000e+00,0.000000e+00
2.677000e+00,-9.000000e+01,1.100000e+01,0.000000e+00,0.000000e+00
2.682000e+00,-9.000000e+01,1.100000e+01,0.000000e+00,0.000000e+00
2.687000e+00,-9.000000e+01,1.100000e+01,0.000000e+00,0.000000e+00
2.692000e+00,-9.000000e+01,1.100000e+01,0.000000e+00,0.000000e+00
2.697000e+00,-9.000000e+01,1.100000e+01,0.000000e+00,0.000000e+00
2.702000e+00,-9.000000e+01,1.100000e+01,0.000000e+00,0.000000e+00
2.706000e+00,-9.000000e+01,1.100000e+01,0.000000e+00,0.000000e+00
2.710000e+00,-9.000000e+01,1.100000e+01,0.000000e+00,0.000000e+00
2.714000e+00,-9.000000e+01,1.100000e+01,0.000000e+00,0.000000e+00
2.720000e+00,-9.000000e+01,1.100000e+01,0.000000e+00,0.000000e+00
2.724000e+00,-9.000000e+01,1.100000e+01,0.000000e+00,0.000000e+00
2.728000e+00,-9.000000e+01,1.100000e+01,0.000000e+00,0.000000e+00
2.733000e+00,-9.000000e+01,1.100000e+01,0.000000e+00,0.000000e+00
2.738000e+00,-9.000000e+01,1.100000e+01,0.000000e+00,0.000000e+00
2.742000e+00,-9.000000e+01,1.100000e+01,0.000000e+00,0.000000e+00
2.748000e+00,-9.000000e+01,1.100000e+01,0.000000e+00,0.000000e+00
2.753000e+00,-9.000000e+01,1.100000e+01,0.000000e+00,0.000000e+00
2.757000e+00,-9.000000e+01,1.100000e+01,0.000000e+00,0.000000e+00
2.762000e+00,-9.000000e+01,1.100000e+01,0.000000e+00,0.000000e+00
2.767000e+00,-9.000000e+01,1.100000e+01,0.000000e+00,0.000000e+00
2.771000e+00,-9.000000e+01,1.100000e+01,0.000000e+00,0.000000e+00
2.777000e+00,-9.000000e+01,1.100000e+01,0.000000e+00,0.000000e+00
2.781000e+00,-9.000000e+01,1.100000e+01,0.000000e+00,0.000000e+00
2.785000e+00,-9.000000e+01,1.100000e+01,0.000000e+00,0.000000e+00
2.790000e+00,-9.000000e+01,1.100000e+01,0.000000e+00,0.000000e+00
2.795000e+00,-9.000000e+01,1.100000e+01,0.000000e+00,0.000000e+00
2.798000e+00,-9.000000e+01,1.100000e+01,0.000000e+00,0.000000e+00
2.803000e+00,-9.000000e+01,1.100000e+01,0.000000e+00,0.000000e+00
2.809000e+00,-9.000000e+01,1.100000e+01,0.000000e+00,0.000000e+00
2.814000e+00,-9.000000e+01,1.100000e+01,0.000000e+00,0.000000e+00
2.819000e+00,-9.000000e+01,1.100000e+01,0.000000e+00,0.000000e+00
2.825000e+00,-9.000000e+01,1.100000e+01,0.000000e+00,0.000000e+00
2.831000e+00,-9.000000e+01,1.100000e+01,0.000000e+00,0.000000e+00
2.836000e+00,-9.000000e+01,1.100000e+01,0.000000e+00,0.000000e+00
2.840000e+00,-9.000000e+01,1.100000e+01,0.000000e+00,0.000000e+00
2.844000e+00,-9.000000e+01,1.100000e+01,0.000000e+00,0.000000e+00
2.848000e+00,-9.000000e+01,1.100000e+01,0.000000e+00,0.000000e+00
2.852000e+00,-9.000000e+01,1.100000e+01,0.000000e+00,0.000000e+00
2.856000e+00,-9.000000e+01,1.100000e+01,0.000000e+00,0.000000e+00
2.860000e+00,-9.000000e+01,1.100000e+01,0.000000e+00,0.000000e+00
2.864000e+00,-9.000000e+01,1.100000e+01,0.000000e+00,0.000000e+00
2.867000e+00,-9.000000e+01,1.100000e+01,0.000000e+00,0.000000e+00
2.873000e+00,-9.000000e+01,1.100000e+01,0.000000e+00,0.000000e+00
2.877000e+00,-9.000000e+01,1.100000e+01,0.000000e+00,0.000000e+00
2.881000e+00,-9.000000e+01,1.100000e+01,0.000000e+00,0.000000e+00
2.886000e+00,-9.000000e+01,1.100000e+01,0.000000e+00,0.000000e+00
2.890000e+00,-9.000000e+01,1.100000e+01,0.000000e+00,0.000000e+00
2.895000e+00,-9.000000e+01,1.100000e+01,0.000000e+00,0.000000e+00
2.899000e+00,-9.000000e+01,1.100000e+01,0.000000e+00,0.000000e+00
2.903000e+00,-9.000000e+01,1.100000e+01,0.000000e+00,0.000000e+00
2.909000e+00,-9.000000e+01,1.100000e+01,0.000000e+00,0.000000e+00
2.913000e+00,-9.000000e+01,1.100000e+01,0.000000e+00,0.000000e+00
2.917000e+00,-9.000000e+01,1.100000e+01,0.000000e+00,0.000000e+00
2.922000e+00,-9.000000e+01,1.100000e+01,0.000000e+00,0.000000e+00
2.926000e+00,-9.000000e+01,1.100000e+01,0.000000e+00,0.000000e+00
2.931000e+00,-9.000000e+01,1.100000e+01,0.000000e+00,0.000000e+00
2.935000e+00,-9.000000e+01,1.100000e+01,0.000000e+00,0.000000e+00
2.939000e+00,-9.000000e+01,1.100000e+01,0.000000e+00,0.000000e+00
2.943000e+00,-9.000000e+01,1.100000e+01,0.000000e+00,0.000000e+00
2.948000e+00,-9.000000e+01,1.100000e+01,0.000000e+00,0.000000e+00
2.951000e+00,-9.000000e+01,1.100000e+01,0.000000e+00,0.000000e+00
2.955000e+00,-9.000000e+01,1.100000e+01,0.000000e+00,0.000000e+00
2.960000e+00,-9.000000e+01,1.100000e+01,0.000000e+00,0.000000e+00
2.963000e+00,-9.000000e+01,1.100000e+01,0.000000e+00,0.000000e+00
2.968000e+00,-9.000000e+01,1.100000e+01,0.000000e+00,0.000000e+00
2.972000e+00,-9.000000e+01,1.100000e+01,0.000000e+00,0.000000e+00
2.977000e+00,-9.000000e+01,1.100000e+01,0.000000e+00,0.000000e+00
2.981000e+00,-9.000000e+01,1.100000e+01,0.000000e+00,0.000000e+00
2.985000e+00,-9.000000e+01,1.100000e+01,0.000000e+00,0.000000e+00
2.989000e+00,-9.000000e+01,1.100000e+01,0.000000e+00,0.000000e+00
2.993000e+00,-9.000000e+01,1.100000e+01,0.000000e+00,0.000000e+00
2.997000e+00,-9.000000e+01,1.100000e+01,0.000000e+00,0.000000e+00
3.002000e+00,-9.000000e+01,1.100000e+01,0.000000e+00,0.000000e+00
3.006000e+00,-9.000000e+01,1.100000e+01,0.000000e+00,0.000000e+00
3.011000e+00,-9.000000e+01,1.100000e+01,0.000000e+00,0.000000e+00
3.014000e+00,-9.000000e+01,1.100000e+01,0.000000e+00,0.000000e+00
3.019000e+00,-9.000000e+01,1.100000e+01,0.000000e+00,0.000000e+00
3.024000e+00,-9.000000e+01,1.100000e+01,0.000000e+00,0.000000e+00
3.028000e+00,-9.000000e+01,1.100000e+01,0.000000e+00,0.000000e+00
3.032000e+00,-9.000000e+01,1.100000e+01,0.000000e+00,0.000000e+00
3.035000e+00,-9.000000e+01,1.100000e+01,0.000000e+00,0.000000e+00
3.039000e+00,-9.000000e+01,1.100000e+01,0.000000e+00,0.000000e+00
3.044000e+00,-9.000000e+01,1.100000e+01,0.000000e+00,0.000000e+00
3.048000e+00,-9.000000e+01,1.100000e+01,0.000000e+00,0.000000e+00
3.052000e+00,-9.000000e+01,1.100000e+01,0.000000e+00,0.000000e+00
3.056000e+00,-9.000000e+01,1.100000e+01,0.000000e+00,0.000000e+00
3.060000e+00,-9.000000e+01,1.100000e+01,0.000000e+00,0.000000e+00
3.065000e+00,-9.000000e+01,1.100000e+01,0.000000e+00,0.000000e+00
3.070000e+00,-9.000000e+01,1.100000e+01,0.000000e+00,0.000000e+00
3.074000e+00,-9.000000e+01,1.100000e+01,0.000000e+00,0.000000e+00
3.078000e+00,-9.000000e+01,1.100000e+01,0.000000e+00,0.000000e+00
3.082000e+00,-9.000000e+01,1.100000e+01,0.000000e+00,0.000000e+00
3.088000e+00,-9.000000e+01,1.100000e+01,0.000000e+00,0.000000e+00
3.094000e+00,-9.000000e+01,1.100000e+01,0.000000e+00,0.000000e+00
3.098000e+00,-9.000000e+01,1.100000e+01,0.000000e+00,0.000000e+00
3.104000e+00,-9.000000e+01,1.100000e+01,0.000000e+00,0.000000e+00
3.110000e+00,-9.000000e+01,1.100000e+01,0.000000e+00,0.000000e+00
3.115000e+00,-9.000000e+01,1.100000e+01,0.000000e+00,0.000000e+00
3.119000e+00,-9.000000e+01,1.100000e+01,0.000000e+00,0.000000e+00
3.124000e+00,-9.000000e+01,1.100000e+01,0.000000e+00,0.000000e+00
3.128000e+00,-9.000000e+01,1.100000e+01,0.000000e+00,0.000000e+00
3.133000e+00,-9.000000e+01,1.100000e+01,0.000000e+00,0.000000e+00
3.138000e+00,-9.000000e+01,1.100000e+01,0.000000e+00,0.000000e+00
3.144000e+00,-9.000000e+01,1.100000e+01,0.000000e+00,0.000000e+00
3.150000e+00,-9.000000e+01,1.100000e+01,0.000000e+00,0.000000e+00
3.153000e+00,-9.000000e+01,1.100000e+01,0.000000e+00,0.000000e+00
3.158000e+00,-9.000000e+01,1.100000e+01,0.000000e+00,0.000000e+00
3.162000e+00,-9.000000e+01,1.100000e+01,0.000000e+00,0.000000e+00
3.166000e+00,-9.000000e+01,1.100000e+01,0.000000e+00,0.000000e+00
3.171000e+00,-9.000000e+01,1.100000e+01,0.000000e+00,0.000000e+00
3.176000e+00,-9.000000e+01,1.100000e+01,0.000000e+00,0.000000e+00
3.180000e+00,-9.000000e+01,1.100000e+01,0.000000e+00,0.000000e+00
3.185000e+00,-9.000000e+01,1.100000e+01,0.000000e+00,0.000000e+00
3.190000e+00,-9.000000e+01,1.100000e+01,0.000000e+00,0.000000e+00
3.195000e+00,-9.000000e+01,1.100000e+01,0.000000e+00,0.000000e+00
3.201000e+00,-9.000000e+01,1.100000e+01,0.000000e+00,0.000000e+00
3.205000e+00,-9.000000e+01,1.100000e+01,0.000000e+00,0.000000e+00
3.209000e+00,-9.000000e+01,1.100000e+01,0.000000e+00,0.000000e+00
3.214000e+00,-9.000000e+01,1.100000e+01,0.000000e+00,0.000000e+00
3.218000e+00,-9.000000e+01,1.100000e+01,0.000000e+00,0.000000e+00
3.222000e+00,-9.000000e+01,1.100000e+01,0.000000e+00,0.000000e+00
3.227000e+00,-9.000000e+01,1.100000e+01,0.000000e+00,0.000000e+00
3.232000e+00,-9.000000e+01,1.100000e+01,0.000000e+00,0.000000e+00
3.236000e+00,-9.000000e+01,1.100000e+01,0.000000e+00,0.000000e+00
3.239000e+00,-9.000000e+01,1.100000e+01,0.000000e+00,0.000000e+00
3.244000e+00,-9.000000e+01,1.100000e+01,0.000000e+00,0.000000e+00
3.248000e+00,-9.000000e+01,1.100000e+01,0.000000e+00,0.000000e+00
3.254000e+00,-9.000000e+01,1.100000e+01,0.000000e+00,0.000000e+00
3.257000e+00,-9.000000e+01,1.100000e+01,0.000000e+00,0.000000e+00
3.262000e+00,-9.000000e+01,1.100000e+01,0.000000e+00,0.000000e+00
3.266000e+00,-9.000000e+01,1.100000e+01,0.000000e+00,0.000000e+00
3.270000e+00,-9.000000e+01,1.100000e+01,0.000000e+00,0.000000e+00
3.274000e+00,-9.000000e+01,1.100000e+01,0.000000e+00,0.000000e+00
3.278000e+00,-9.000000e+01,1.100000e+01,0.000000e+00,0.000000e+00
3.283000e+00,-9.000000e+01,1.100000e+01,0.000000e+00,0.000000e+00
3.287000e+00,-9.000000e+01,1.100000e+01,0.000000e+00,0.000000e+00
3.292000e+00,-9.000000e+01,1.100000e+01,0.000000e+00,0.000000e+00
3.297000e+00,-9.000000e+01,1.100000e+01,0.000000e+00,0.000000e+00
3.302000e+00,-9.000000e+01,1.100000e+01,0.000000e+00,0.000000e+00
3.305000e+00,-9.000000e+01,1.100000e+01,0.000000e+00,0.000000e+00
3.310000e+00,-9.000000e+01,1.100000e+01,0.000000e+00,0.000000e+00
3.314000e+00,-9.000000e+01,1.100000e+01,0.000000e+00,0.000000e+00
3.319000e+00,-9.000000e+01,1.100000e+01,0.000000e+00,0.000000e+00
3.324000e+00,-9.000000e+01,1.100000e+01,0.000000e+00,0.000000e+00
3.329000e+00,-9.000000e+01,1.100000e+01,0.000000e+00,0.000000e+00
3.332000e+00,-9.000000e+01,1.100000e+01,0.000000e+00,0.000000e+00
3.337000e+00,-9.000000e+01,1.100000e+01,0.000000e+00,0.000000e+00
3.342000e+00,-9.000000e+01,1.100000e+01,0.000000e+00,0.000000e+00
3.346000e+00,-9.000000e+01,1.100000e+01,0.000000e+00,0.000000e+00
3.351000e+00,-9.000000e+01,1.100000e+01,0.000000e+00,0.000000e+00
3.355000e+00,-9.000000e+01,1.100000e+01,0.000000e+00,0.000000e+00
3.360000e+00,-9.000000e+01,1.100000e+01,0.000000e+00,0.000000e+00
3.365000e+00,-9.000000e+01,1.100000e+01,0.000000e+00,0.000000e+00
3.370000e+00,-9.000000e+01,1.100000e+01,0.000000e+00,0.000000e+00
3.374000e+00,-9.000000e+01,1.100000e+01,0.000000e+00,0.000000e+00
3.378000e+00,-9.000000e+01,1.100000e+01,0.000000e+00,0.000000e+00
3.382000e+00,-9.000000e+01,1.100000e+01,0.000000e+00,0.000000e+00
3.387000e+00,-9.000000e+01,1.100000e+01,0.000000e+00,0.000000e+00
3.392000e+00,-9.000000e+01,1.100000e+01,0.000000e+00,0.000000e+00
3.395000e+00,-9.000000e+01,1.100000e+01,0.000000e+00,0.000000e+00
3.400000e+00,-9.000000e+01,1.100000e+01,0.000000e+00,0.000000e+00
3.404000e+00,-9.000000e+01,1.100000e+01,0.000000e+00,0.000000e+00
3.409000e+00,-9.000000e+01,1.100000e+01,0.000000e+00,0.000000e+00
3.413000e+00,-9.000000e+01,1.100000e+01,0.000000e+00,0.000000e+00
3.417000e+00,-9.000000e+01,1.100000e+01,0.000000e+00,0.000000e+00
3.421000e+00,-9.000000e+01,1.100000e+01,0.000000e+00,0.000000e+00
3.425000e+00,-9.000000e+01,1.100000e+01,0.000000e+00,0.000000e+00
3.429000e+00,-9.000000e+01,1.100000e+01,0.000000e+00,0.000000e+00
3.434000e+00,-9.000000e+01,1.100000e+01,0.000000e+00,0.000000e+00
3.439000e+00,-9.000000e+01,1.100000e+01,0.000000e+00,0.000000e+00
3.443000e+00,-9.000000e+01,1.100000e+01,0.000000e+00,0.000000e+00
3.448000e+00,-9.000000e+01,1.100000e+01,0.000000e+00,0.000000e+00
3.452000e+00,-9.000000e+01,1.100000e+01,0.000000e+00,0.000000e+00
3.456000e+00,-9.000000e+01,1.100000e+01,0.000000e+00,0.000000e+00
3.462000e+00,-9.000000e+01,1.100000e+01,0.000000e+00,0.000000e+00
3.465000e+00,-9.000000e+01,1.100000e+01,0.000000e+00,0.000000e+00
3.470000e+00,-9.000000e+01,1.100000e+01,0.000000e+00,0.000000e+00
3.475000e+00,-9.000000e+01,1.100000e+01,0.000000e+00,0.000000e+00
3.478000e+00,-9.000000e+01,1.100000e+01,0.000000e+00,0.000000e+00
3.483000e+00,-9.000000e+01,1.100000e+01,0.000000e+00,0.000000e+00
3.487000e+00,-9.000000e+01,1.100000e+01,0.000000e+00,0.000000e+00
3.491000e+00,-9.000000e+01,1.100000e+01,0.000000e+00,0.000000e+00
3.495000e+00,-9.000000e+01,1.100000e+01,0.000000e+00,0.000000e+00
3.500000e+00,-9.000000e+01,1.100000e+01,0.000000e+00,0.000000e+00
3.505000e+00,-9.000000e+01,1.100000e+01,0.000000e+00,0.000000e+00
3.511000e+00,-9.000000e+01,1.100000e+01,0.000000e+00,0.000000e+00
3.516000e+00,-9.000000e+01,1.100000e+01,0.000000e+00,0.000000e+00
3.520000e+00,-9.000000e+01,1.100000e+01,0.000000e+00,0.000000e+00
3.525000e+00,-9.000000e+01,1.100000e+01,0.000000e+00,0.000000e+00
3.530000e+00,-9.000000e+01,1.100000e+01,0.000000e+00,0.000000e+00
3.534000e+00,-9.000000e+01,1.100000e+01,0.000000e+00,0.000000e+00
3.539000e+00,-9.000000e+01,1.100000e+01,0.000000e+00,0.000000e+00
3.543000e+00,-9.000000e+01,1.100000e+01,0.000000e+00,0.000000e+00
3.547000e+00,-9.000000e+01,1.100000e+01,0.000000e+00,0.000000e+00
3.551000e+00,-9.000000e+01,1.100000e+01,0.000000e+00,0.000000e+00
3.556000e+00,-9.000000e+01,1.100000e+01,0.000000e+00,0.000000e+00
3.561000e+00,-9.000000e+01,1.100000e+01,0.000000e+00,0.000000e+00
3.566000e+00,-9.000000e+01,1.100000e+01,0.000000e+00,0.000000e+00
3.570000e+00,-9.000000e+01,1.100000e+01,0.000000e+00,0.000000e+00
3.575000e+00,-9.000000e+01,1.100000e+01,0.000000e+00,0.000000e+00
3.579000e+00,-9.000000e+01,1.100000e+01,0.000000e+00,0.000000e+00
3.583000e+00,-9.000000e+01,1.100000e+01,0.000000e+00,0.000000e+00
3.587000e+00,-9.000000e+01,1.100000e+01,0.000000e+00,0.000000e+00
3.593000e+00,-9.000000e+01,1.100000e+01,0.000000e+00,0.000000e+00
3.598000e+00,-9.000000e+01,1.100000e+01,0.000000e+00,0.000000e+00
3.603000e+00,-9.000000e+01,1.100000e+01,0.000000e+00,0.000000e+00
3.608000e+00,-9.000000e+01,1.100000e+01,0.000000e+00,0.000000e+00
3.612000e+00,-9.000000e+01,1.100000e+01,0.000000e+00,0.000000e+00
3.616000e+00,-9.000000e+01,1.100000e+01,0.000000e+00,0.000000e+00
3.621000e+00,-9.000000e+01,1.100000e+01,0.000000e+00,0.000000e+00
3.625000e+00,-9.000000e+01,1.100000e+01,0.000000e+00,0.000000e+00
3.630000e+00,-9.000000e+01,1.100000e+01,0.000000e+00,0.000000e+00
3.635000e+00,-9.000000e+01,1.100000e+01,0.000000e+00,0.000000e+00
3.638000e+00,-9.000000e+01,1.100000e+01,0.000000e+00,0.000000e+00
3.643000e+00,-9.000000e+01,1.100000e+01,0.000000e+00,0.000000e+00
3.646000e+00,-9.000000e+01,1.100000e+01,0.000000e+00,0.000000e+00
3.650000e+00,-9.000000e+01,1.100000e+01,0.000000e+00,0.000000e+00
3.653000e+00,-9.000000e+01,1.100000e+01,0.000000e+00,0.000000e+00
3.658000e+00,-9.000000e+01,1.100000e+01,0.000000e+00,0.000000e+00
3.662000e+00,-9.000000e+01,1.100000e+01,0.000000e+00,0.000000e+00
3.667000e+00,-9.000000e+01,1.100000e+01,0.000000e+00,0.000000e+00
3.672000e+00,-9.000000e+01,1.100000e+01,0.000000e+00,0.000000e+00
3.677000e+00,-9.000000e+01,1.100000e+01,0.000000e+00,0.000000e+00
3.681000e+00,-9.000000e+01,1.100000e+01,0.000000e+00,0.000000e+00
3.686000e+00,-9.000000e+01,1.100000e+01,0.000000e+00,0.000000e+00
3.690000e+00,-9.000000e+01,1.100000e+01,0.000000e+00,0.000000e+00
3.694000e+00,-9.000000e+01,1.100000e+01,0.000000e+00,0.000000e+00
3.699000e+00,-9.000000e+01,1.100000e+01,0.000000e+00,0.000000e+00
3.703000e+00,-9.000000e+01,1.100000e+01,0.000000e+00,0.000000e+00
3.707000e+00,-9.000000e+01,1.100000e+01,0.000000e+00,0.000000e+00
3.712000e+00,-9.000000e+01,1.100000e+01,0.000000e+00,0.000000e+00
3.716000e+00,-9.000000e+01,1.100000e+01,0.000000e+00,0.000000e+00
3.721000e+00,-9.000000e+01,1.100000e+01,0.000000e+00,0.000000e+00
3.725000e+00,-9.000000e+01,1.100000e+01,0.000000e+00,0.000000e+00
3.729000e+00,-9.000000e+01,1.100000e+01,0.000000e+00,0.000000e+00
3.734000e+00,-9.000000e+01,1.100000e+01,0.000000e+00,0.000000e+00
3.739000e+00,-9.000000e+01,1.100000e+01,0.000000e+00,0.000000e+00
3.743000e+00,-9.000000e+01,1.100000e+01,0.000000e+00,0.000000e+00
3.748000e+00,-9.000000e+01,1.100000e+01,0.000000e+00,0.000000e+00
3.753000e+00,-9.000000e+01,1.100000e+01,0.000000e+00,0.000000e+00
3.757000e+00,-9.000000e+01,1.100000e+01,0.000000e+00,0.000000e+00
3.762000e+00,-9.000000e+01,1.100000e+01,0.000000e+00,0.000000e+00
3.767000e+00,-9.000000e+01,1.100000e+01,0.000000e+00,0.000000e+00
3.771000e+00,-9.000000e+01,1.100000e+01,0.000000e+00,0.000000e+00
3.776000e+00,-9.000000e+01,1.100000e+01,0.000000e+00,0.000000e+00
3.780000e+00,-9.000000e+01,1.100000e+01,0.000000e+00,0.000000e+00
3.784000e+00,-9.000000e+01,1.100000e+01,0.000000e+00,0.000000e+00
3.789000e+00,-9.000000e+01,1.100000e+01,0.000000e+00,0.000000e+00
3.794000e+00,-9.000000e+01,1.100000e+01,0.000000e+00,0.000000e+00
3.799000e+00,-9.000000e+01,1.100000e+01,0.000000e+00,0.000000e+00
3.804000e+00,-9.000000e+01,1.100000e+01,0.000000e+00,0.000000e+00
3.808000e+00,-9.000000e+01,1.100000e+01,0.000000e+00,0.000000e+00
3.812000e+00,-9.000000e+01,1.100000e+01,0.000000e+00,0.000000e+00
3.817000e+00,-9.000000e+01,1.100000e+01,0.000000e+00,0.000000e+00
3.823000e+00,-9.000000e+01,1.100000e+01,0.000000e+00,0.000000e+00
3.827000e+00,-9.000000e+01,1.100000e+01,0.000000e+00,0.000000e+00
3.832000e+00,-9.000000e+01,1.100000e+01,0.000000e+00,0.000000e+00
3.837000e+00,-9.000000e+01,1.100000e+01,0.000000e+00,0.000000e+00
3.842000e+00,-9.000000e+01,1.100000e+01,0.000000e+00,0.000000e+00
3.846000e+00,-9.000000e+01,1.100000e+01,0.000000e+00,0.000000e+00
3.851000e+00,-9.000000e+01,1.100000e+01,0.000000e+00,0.000000e+00
3.855000e+00,-9.000000e+01,1.100000e+01,0.000000e+00,0.000000e+00
3.859000e+00,-9.000000e+01,1.100000e+01,0.000000e+00,0.000000e+00
3.864000e+00,-9.000000e+01,1.100000e+01,0.000000e+00,0.000000e+00
3.868000e+00,-9.000000e+01,1.100000e+01,0.000000e+00,0.000000e+00
3.873000e+00,-9.000000e+01,1.100000e+01,0.000000e+00,0.000000e+00
3.877000e+00,-9.000000e+01,1.100000e+01,0.000000e+00,0.000000e+00
3.881000e+00,-9.000000e+01,1.100000e+01,0.000000e+00,0.000000e+00
3.886000e+00,-9.000000e+01,1.100000e+01,0.000000e+00,0.000000e+00
3.890000e+00,-9.000000e+01,1.100000e+01,0.000000e+00,0.000000e+00
3.894000e+00,-9.000000e+01,1.100000e+01,0.000000e+00,0.000000e+00
3.898000e+00,-9.000000e+01,1.100000e+01,0.000000e+00,0.000000e+00
3.903000e+00,-9.000000e+01,1.100000e+01,0.000000e+00,0.000000e+00
3.907000e+00,-9.000000e+01,1.100000e+01,0.000000e+00,0.000000e+00
3.911000e+00,-9.000000e+01,1.100000e+01,0.000000e+00,0.000000e+00
3.916000e+00,-9.000000e+01,1.100000e+01,0.000000e+00,0.000000e+00
3.921000e+00,-9.000000e+01,1.100000e+01,0.000000e+00,0.000000e+00
3.925000e+00,-9.000000e+01,1.100000e+01,0.000000e+00,0.000000e+00
3.929000e+00,-9.000000e+01,1.100000e+01,0.000000e+00,0.000000e+00
3.933000e+00,-9.000000e+01,1.100000e+01,0.000000e+00,0.000000e+00
3.938000e+00,-9.000000e+01,1.100000e+01,0.000000e+00,0.000000e+00
3.944000e+00,-9.000000e+01,1.100000e+01,0.000000e+00,0.000000e+00
3.949000e+00,-9.000000e+01,1.100000e+01,0.000000e+00,0.000000e+00
3.952000e+00,-9.000000e+01,1.100000e+01,0.000000e+00,0.000000e+00
3.956000e+00,-9.000000e+01,1.100000e+01,0.000000e+00,0.000000e+00
3.962000e+00,-9.000000e+01,1.100000e+01,0.000000e+00,0.000000e+00
3.966000e+00,-9.000000e+01,1.100000e+01,0.000000e+00,0.000000e+00
3.970000e+00,-9.000000e+01,1.100000e+01,0.000000e+00,0.000000e+00
3.974000e+00,-9.000000e+01,1.100000e+01,0.000000e+00,0.000000e+00
3.978000e+00,-9.000000e+01,1.100000e+01,0.000000e+00,0.000000e+00
3.983000e+00,-9.000000e+01,1.100000e+01,0.000000e+00,0.000000e+00
3.987000e+00,-9.000000e+01,1.100000e+01,0.000000e+00,0.000000e+00
3.992000e+00,-9.000000e+01,1.100000e+01,0.000000e+00,0.000000e+00
3.996000e+00,-9.000000e+01,1.100000e+01,0.000000e+00,0.000000e+00
4.000000e+00,-9.000000e+01,1.100000e+01,0.000000e+00,0.000000e+00
4.005000e+00,-9.000000e+01,1.100000e+01,0.000000e+00,0.000000e+00
4.008000e+00,-9.000000e+01,1.100000e+01,0.000000e+00,0.000000e+00
4.013000e+00,-9.000000e+01,1.100000e+01,0.000000e+00,0.000000e+00
4.018000e+00,-9.000000e+01,1.100000e+01,0.000000e+00,0.000000e+00
4.023000e+00,-9.000000e+01,1.100000e+01,0.000000e+00,0.000000e+00
4.028000e+00,-9.000000e+01,1.100000e+01,0.000000e+00,0.000000e+00
4.032000e+00,-9.000000e+01,1.100000e+01,0.000000e+00,0.000000e+00
4.037000e+00,-9.000000e+01,1.100000e+01,0.000000e+00,0.000000e+00
4.047000e+00,-9.000000e+01,1.100000e+01,0.000000e+00,0.000000e+00
4.052000e+00,-9.000000e+01,1.100000e+01,0.000000e+00,0.000000e+00
4.059000e+00,-9.000000e+01,1.100000e+01,0.000000e+00,0.000000e+00
4.063000e+00,-9.000000e+01,1.100000e+01,0.000000e+00,0.000000e+00
4.070000e+00,-9.000000e+01,1.100000e+01,0.000000e+00,0.000000e+00
4.074000e+00,-9.000000e+01,1.100000e+01,0.000000e+00,0.000000e+00
4.078000e+00,-9.000000e+01,1.100000e+01,0.000000e+00,0.000000e+00
4.082000e+00,-9.000000e+01,1.100000e+01,0.000000e+00,0.000000e+00
4.088000e+00,-9.000000e+01,1.100000e+01,0.000000e+00,0.000000e+00
4.092000e+00,-9.000000e+01,1.100000e+01,0.000000e+00,0.000000e+00
4.097000e+00,-9.000000e+01,1.100000e+01,0.000000e+00,0.000000e+00
4.101000e+00,-9.000000e+01,1.100000e+01,0.000000e+00,0.000000e+00
4.105000e+00,-9.000000e+01,1.100000e+01,0.000000e+00,0.000000e+00
4.110000e+00,-9.000000e+01,1.100000e+01,0.000000e+00,0.000000e+00
4.114000e+00,-9.000000e+01,1.100000e+01,0.000000e+00,0.000000e+00
4.118000e+00,-9.000000e+01,1.100000e+01,0.000000e+00,0.000000e+00
4.123000e+00,-9.000000e+01,1.100000e+01,0.000000e+00,0.000000e+00
4.128000e+00,-9.000000e+01,1.100000e+01,0.000000e+00,0.000000e+00
4.132000e+00,-9.000000e+01,1.100000e+01,0.000000e+00,0.000000e+00
4.137000e+00,-9.000000e+01,1.100000e+01,0.000000e+00,0.000000e+00
4.142000e+00,-9.000000e+01,1.100000e+01,0.000000e+00,0.000000e+00
4.147000e+00,-9.000000e+01,1.100000e+01,0.000000e+00,0.000000e+00
4.151000e+00,-9.000000e+01,1.100000e+01,0.000000e+00,0.000000e+00
4.156000e+00,-9.000000e+01,1.100000e+01,0.000000e+00,0.000000e+00
4.160000e+00,-9.000000e+01,1.100000e+01,0.000000e+00,0.000000e+00
4.165000e+00,-9.000000e+01,1.100000e+01,0.000000e+00,0.000000e+00
4.171000e+00,-9.000000e+01,1.100000e+01,0.000000e+00,0.000000e+00
4.176000e+00,-9.000000e+01,1.100000e+01,0.000000e+00,0.000000e+00
4.180000e+00,-9.000000e+01,1.100000e+01,0.000000e+00,0.000000e+00
4.184000e+00,-9.000000e+01,1.100000e+01,0.000000e+00,0.000000e+00
4.189000e+00,-9.000000e+01,1.100000e+01,0.000000e+00,0.000000e+00
4.194000e+00,-9.000000e+01,1.100000e+01,0.000000e+00,0.000000e+00
4.199000e+00,-9.000000e+01,1.100000e+01,0.000000e+00,0.000000e+00
4.203000e+00,-9.000000e+01,1.100000e+01,0.000000e+00,0.000000e+00
4.208000e+00,-9.000000e+01,1.100000e+01,0.000000e+00,0.000000e+00
4.212000e+00,-9.000000e+01,1.100000e+01,0.000000e+00,0.000000e+00
4.218000e+00,-9.000000e+01,1.100000e+01,1.000000e-02,0.000000e+00
4.487000e+00,-8.999941e+01,1.100000e+01,2.000000e-02,0.000000e+00
4.493000e+00,-8.999939e+01,1.100000e+01,3.000000e-02,0.000000e+00
4.498000e+00,-8.999936e+01,1.100000e+01,4.000000e-02,0.000000e+00
4.503000e+00,-8.999934e+01,1.100000e+01,5.000000e-02,0.000000e+00
4.507000e+00,-8.999933e+01,1.100000e+01,6.000000e-02,0.000000e+00
4.513000e+00,-8.999929e+01,1.100000e+01,7.000000e-02,0.000000e+00
4.518000e+00,-8.999927e+01,1.100000e+01,8.000000e-02,0.000000e+00
4.522000e+00,-8.999924e+01,1.100000e+01,9.000000e-02,0.000000e+00
4.526000e+00,-8.999922e+01,1.100000e+01,1.000000e-01,0.000000e+00
4.532000e+00,-8.999919e+01,1.100000e+01,1.100000e-01,0.000000e+00
4.537000e+00,-8.999915e+01,1.100000e+01,1.200000e-01,0.000000e+00
4.541000e+00,-8.999912e+01,1.100000e+01,1.300000e-01,0.000000e+00
4.547000e+00,-8.999908e+01,1.100000e+01,1.400000e-01,0.000000e+00
4.551000e+00,-8.999904e+01,1.100000e+01,1.500000e-01,0.000000e+00
4.555000e+00,-8.999899e+01,1.100000e+01,1.600000e-01,0.000000e+00
4.559000e+00,-8.999895e+01,1.100000e+01,1.700000e-01,0.000000e+00
4.563000e+00,-8.999890e+01,1.100000e+01,1.800000e-01,0.000000e+00
4.568000e+00,-8.999884e+01,1.100000e+01,1.900000e-01,0.000000e+00
4.572000e+00,-8.999878e+01,1.100000e+01,2.000000e-01,0.000000e+00
4.576000e+00,-8.999873e+01,1.100000e+01,2.100000e-01,0.000000e+00
4.581000e+00,-8.999865e+01,1.100000e+01,2.200000e-01,0.000000e+00
4.587000e+00,-8.999855e+01,1.100000e+01,2.300000e-01,0.000000e+00
4.594000e+00,-8.999841e+01,1.100000e+01,2.400000e-01,0.000000e+00
4.597000e+00,-8.999835e+01,1.100000e+01,2.500000e-01,0.000000e+00
4.601000e+00,-8.999827e+01,1.100000e+01,2.600000e-01,0.000000e+00
4.605000e+00,-8.999817e+01,1.100000e+01,2.700000e-01,0.000000e+00
4.610000e+00,-8.999805e+01,1.100000e+01,2.800000e-01,0.000000e+00
4.614000e+00,-8.999794e+01,1.100000e+01,2.900000e-01,0.000000e+00
4.617000e+00,-8.999785e+01,1.100000e+01,3.000000e-01,0.000000e+00
4.621000e+00,-8.999773e+01,1.100000e+01,3.100000e-01,0.000000e+00
4.625000e+00,-8.999761e+01,1.100000e+01,3.200000e-01,0.000000e+00
4.628000e+00,-8.999751e+01,1.100000e+01,3.300000e-01,0.000000e+00
4.632000e+00,-8.999737e+01,1.100000e+01,3.400000e-01,0.000000e+00
4.636000e+00,-8.999722e+01,1.100000e+01,3.500000e-01,0.000000e+00
4.640000e+00,-8.999707e+01,1.100000e+01,3.600000e-01,0.000000e+00
4.644000e+00,-8.999691e+01,1.100000e+01,3.700000e-01,0.000000e+00
4.648000e+00,-8.999673e+01,1.100000e+01,3.800000e-01,0.000000e+00
4.652000e+00,-8.999656e+01,1.100000e+01,3.900000e-01,0.000000e+00
4.656000e+00,-8.999636e+01,1.100000e+01,4.000000e-01,0.000000e+00
4.659000e+00,-8.999622e+01,1.100000e+01,4.100000e-01,0.000000e+00
4.665000e+00,-8.999590e+01,1.100000e+01,4.200000e-01,0.000000e+00
4.669000e+00,-8.999568e+01,1.100000e+01,4.300000e-01,0.000000e+00
4.674000e+00,-8.999539e+01,1.100000e+01,4.400000e-01,0.000000e+00
4.679000e+00,-8.999508e+01,1.100000e+01,4.500000e-01,0.000000e+00
4.684000e+00,-8.999476e+01,1.100000e+01,4.600000e-01,0.000000e+00
4.688000e+00,-8.999449e+01,1.100000e+01,4.700000e-01,0.000000e+00
4.697000e+00,-8.999383e+01,1.100000e+01,4.800000e-01,0.000000e+00
4.704000e+00,-8.999329e+01,1.100000e+01,4.900000e-01,0.000000e+00
4.711000e+00,-8.999270e+01,1.100000e+01,5.000000e-01,0.000000e+00
4.715000e+00,-8.999235e+01,1.100000e+01,5.100000e-01,0.000000e+00
4.722000e+00,-8.999170e+01,1.100000e+01,5.200000e-01,0.000000e+00
4.732000e+00,-8.999071e+01,1.100000e+01,5.300000e-01,0.000000e+00
4.739000e+00,-8.998996e+01,1.100000e+01,5.400000e-01,0.000000e+00
4.743000e+00,-8.998952e+01,1.100000e+01,5.500000e-01,0.000000e+00
4.747000e+00,-8.998906e+01,1.100000e+01,5.600000e-01,0.000000e+00
4.751000e+00,-8.998859e+01,1.100000e+01,5.700000e-01,0.000000e+00
4.756000e+00,-8.998798e+01,1.100000e+01,5.800000e-01,0.000000e+00
4.761000e+00,-8.998735e+01,1.100000e+01,5.900000e-01,0.000000e+00
4.766000e+00,-8.998670e+01,1.100000e+01,6.000000e-01,0.000000e+00
4.770000e+00,-8.998616e+01,1.100000e+01,6.100000e-01,0.000000e+00
4.775000e+00,-8.998547e+01,1.100000e+01,6.200000e-01,0.000000e+00
4.779000e+00,-8.998489e+01,1.100000e+01,6.300000e-01,0.000000e+00
4.784000e+00,-8.998416e+01,1.100000e+01,6.400000e-01,0.000000e+00
4.790000e+00,-8.998324e+01,1.100000e+01,6.500000e-01,0.000000e+00
4.793000e+00,-8.998277e+01,1.100000e+01,6.600000e-01,0.000000e+00
4.798000e+00,-8.998197e+01,1.100000e+01,6.700000e-01,0.000000e+00
4.803000e+00,-8.998114e+01,1.100000e+01,6.800000e-01,0.000000e+00
4.806000e+00,-8.998063e+01,1.100000e+01,6.900000e-01,0.000000e+00
4.811000e+00,-8.997976e+01,1.100000e+01,7.000000e-01,0.000000e+00
4.815000e+00,-8.997905e+01,1.100000e+01,7.100000e-01,0.000000e+00
4.818000e+00,-8.997850e+01,1.100000e+01,7.200000e-01,0.000000e+00
4.822000e+00,-8.997776e+01,1.100000e+01,7.300000e-01,0.000000e+00
4.827000e+00,-8.997680e+01,1.100000e+01,7.400000e-01,0.000000e+00
4.831000e+00,-8.997602e+01,1.100000e+01,7.500000e-01,0.000000e+00
4.846000e+00,-8.997292e+01,1.100000e+01,7.600000e-01,0.000000e+00
4.850000e+00,-8.997206e+01,1.100000e+01,7.700000e-01,0.000000e+00
4.853000e+00,-8.997139e+01,1.100000e+01,7.800000e-01,0.000000e+00
4.860000e+00,-8.996980e+01,1.100000e+01,7.900000e-01,0.000000e+00
4.866000e+00,-8.996840e+01,1.100000e+01,8.000000e-01,0.000000e+00
4.870000e+00,-8.996743e+01,1.100000e+01,8.100000e-01,0.000000e+00
4.875000e+00,-8.996620e+01,1.100000e+01,8.200000e-01,0.000000e+00
4.880000e+00,-8.996494e+01,1.100000e+01,8.300000e-01,0.000000e+00
4.885000e+00,-8.996365e+01,1.100000e+01,8.400000e-01,0.000000e+00
4.888000e+00,-8.996286e+01,1.100000e+01,8.500000e-01,0.000000e+00
4.892000e+00,-8.996179e+01,1.100000e+01,8.600000e-01,0.000000e+00
4.899000e+00,-8.995987e+01,1.100000e+01,8.700000e-01,0.000000e+00
4.903000e+00,-8.995875e+01,1.100000e+01,8.800000e-01,0.000000e+00
4.909000e+00,-8.995702e+01,1.100000e+01,8.900000e-01,0.000000e+00
4.914000e+00,-8.995555e+01,1.100000e+01,9.000000e-01,0.000000e+00
4.919000e+00,-8.995404e+01,1.100000e+01,9.100000e-01,0.000000e+00
4.923000e+00,-8.995281e+01,1.100000e+01,9.200000e-01,0.000000e+00
4.930000e+00,-8.995061e+01,1.100000e+01,9.300000e-01,0.000000e+00
4.935000e+00,-8.994899e+01,1.100000e+01,9.400000e-01,0.000000e+00
4.941000e+00,-8.994701e+01,1.100000e+01,9.500000e-01,0.000000e+00
4.963000e+00,-8.993931e+01,1.100000e+01,9.600000e-01,0.000000e+00
4.975000e+00,-8.993483e+01,1.100000e+01,9.700000e-01,0.000000e+00
5.006000e+00,-8.992230e+01,1.100000e+01,9.800000e-01,0.000000e+00
5.014000e+00,-8.991885e+01,1.100000e+01,9.900000e-01,0.000000e+00
5.018000e+00,-8.991709e+01,1.100000e+01,1.000000e+00,0.000000e+00
5.024000e+00,-8.991441e+01,1.100000e+01,1.010000e+00,0.000000e+00
5.031000e+00,-8.991121e+01,1.100000e+01,1.020000e+00,0.000000e+00
5.035000e+00,-8.990935e+01,1.100000e+01,1.030000e+00,0.000000e+00
5.039000e+00,-8.990747e+01,1.100000e+01,1.040000e+00,0.000000e+00
5.043000e+00,-8.990557e+01,1.100000e+01,1.050000e+00,0.000000e+00
5.049000e+00,-8.990267e+01,1.100000e+01,1.060000e+00,0.000000e+00
5.057000e+00,-8.989873e+01,1.100000e+01,1.070000e+00,0.000000e+00
5.061000e+00,-8.989672e+01,1.100000e+01,1.080000e+00,0.000000e+00
5.066000e+00,-8.989418e+01,1.100000e+01,1.090000e+00,0.000000e+00
5.070000e+00,-8.989212e+01,1.100000e+01,1.100000e+00,0.000000e+00
5.074000e+00,-8.989004e+01,1.100000e+01,1.110000e+00,0.000000e+00
5.080000e+00,-8.988686e+01,1.100000e+01,1.120000e+00,0.000000e+00
5.083000e+00,-8.988526e+01,1.100000e+01,1.130000e+00,0.000000e+00
5.087000e+00,-8.988310e+01,1.100000e+01,1.140000e+00,0.000000e+00
5.093000e+00,-8.987981e+01,1.100000e+01,1.150000e+00,0.000000e+00
5.097000e+00,-8.987758e+01,1.100000e+01,1.160000e+00,0.000000e+00
5.102000e+00,-8.987477e+01,1.100000e+01,1.170000e+00,0.000000e+00
5.107000e+00,-8.987191e+01,1.100000e+01,1.180000e+00,0.000000e+00
5.111000e+00,-8.986960e+01,1.100000e+01,1.190000e+00,0.000000e+00
5.116000e+00,-8.986668e+01,1.100000e+01,1.200000e+00,0.000000e+00
5.120000e+00,-8.986431e+01,1.100000e+01,1.210000e+00,0.000000e+00
5.125000e+00,-8.986131e+01,1.100000e+01,1.220000e+00,0.000000e+00
5.132000e+00,-8.985704e+01,1.100000e+01,1.230000e+00,0.000000e+00
5.136000e+00,-8.985457e+01,1.100000e+01,1.240000e+00,0.000000e+00
5.141000e+00,-8.985144e+01,1.100000e+01,1.250000e+00,0.000000e+00
5.144000e+00,-8.984955e+01,1.100000e+01,1.260000e+00,0.000000e+00
5.148000e+00,-8.984699e+01,1.100000e+01,1.270000e+00,0.000000e+00
5.152000e+00,-8.984441e+01,1.100000e+01,1.280000e+00,0.000000e+00
5.157000e+00,-8.984115e+01,1.100000e+01,1.290000e+00,0.000000e+00
5.163000e+00,-8.983718e+01,1.100000e+01,1.300000e+00,0.000000e+00
5.172000e+00,-8.983111e+01,1.100000e+01,1.310000e+00,0.000000e+00
5.177000e+00,-8.982767e+01,1.100000e+01,1.320000e+00,0.000000e+00
5.181000e+00,-8.982489e+01,1.100000e+01,1.330000e+00,0.000000e+00
5.186000e+00,-8.982138e+01,1.100000e+01,1.340000e+00,0.000000e+00
5.199000e+00,-8.981204e+01,1.100000e+01,1.350000e+00,0.000000e+00
5.204000e+00,-8.980837e+01,1.100000e+01,1.360000e+00,0.000000e+00
5.208000e+00,-8.980540e+01,1.100000e+01,1.370000e+00,0.000000e+00
5.213000e+00,-8.980164e+01,1.100000e+01,1.380000e+00,0.000000e+00
5.217000e+00,-8.979861e+01,1.100000e+01,1.390000e+00,0.000000e+00
5.226000e+00,-8.979168e+01,1.100000e+01,1.400000e+00,0.000000e+00
5.231000e+00,-8.978776e+01,1.100000e+01,1.410000e+00,0.000000e+00
5.235000e+00,-8.978459e+01,1.100000e+01,1.420000e+00,0.000000e+00
5.240000e+00,-8.978059e+01,1.100000e+01,1.430000e+00,0.000000e+00
5.247000e+00,-8.977492e+01,1.100000e+01,1.440000e+00,0.000000e+00
5.252000e+00,-8.977081e+01,1.100000e+01,1.450000e+00,0.000000e+00
5.261000e+00,-8.976329e+01,1.100000e+01,1.460000e+00,0.000000e+00
5.267000e+00,-8.975820e+01,1.100000e+01,1.470000e+00,0.000000e+00
5.274000e+00,-8.975217e+01,1.100000e+01,1.480000e+00,0.000000e+00
5.282000e+00,-8.974517e+01,1.100000e+01,1.490000e+00,0.000000e+00
5.297000e+00,-8.973170e+01,1.100000e+01,1.500000e+00,0.000000e+00
5.301000e+00,-8.972804e+01,1.100000e+01,1.510000e+00,0.000000e+00
5.305000e+00,-8.972435e+01,1.100000e+01,1.520000e+00,0.000000e+00
5.309000e+00,-8.972062e+01,1.100000e+01,1.530000e+00,0.000000e+00
5.314000e+00,-8.971593e+01,1.100000e+01,1.540000e+00,0.000000e+00
5.318000e+00,-8.971213e+01,1.100000e+01,1.550000e+00,0.000000e+00
5.323000e+00,-8.970735e+01,1.100000e+01,1.560000e+00,0.000000e+00
5.327000e+00,-8.970348e+01,1.100000e+01,1.570000e+00,0.000000e+00
5.333000e+00,-8.969763e+01,1.100000e+01,1.580000e+00,0.000000e+00
5.337000e+00,-8.969369e+01,1.100000e+01,1.590000e+00,0.000000e+00
5.342000e+00,-8.968872e+01,1.100000e+01,1.600000e+00,0.000000e+00
5.347000e+00,-8.968370e+01,1.100000e+01,1.610000e+00,0.000000e+00
5.352000e+00,-8.967863e+01,1.100000e+01,1.620000e+00,0.000000e+00
5.356000e+00,-8.967454e+01,1.100000e+01,1.630000e+00,0.000000e+00
5.361000e+00,-8.966938e+01,1.100000e+01,1.640000e+00,0.000000e+00
5.365000e+00,-8.966521e+01,1.100000e+01,1.650000e+00,0.000000e+00
5.370000e+00,-8.965996e+01,1.100000e+01,1.660000e+00,0.000000e+00
5.374000e+00,-8.965573e+01,1.100000e+01,1.670000e+00,0.000000e+00
5.377000e+00,-8.965253e+01,1.100000e+01,1.680000e+00,0.000000e+00
5.382000e+00,-8.964716e+01,1.100000e+01,1.690000e+00,0.000000e+00
5.387000e+00,-8.964173e+01,1.100000e+01,1.700000e+00,0.000000e+00
5.390000e+00,-8.963845e+01,1.100000e+01,1.710000e+00,0.000000e+00
5.395000e+00,-8.963295e+01,1.100000e+01,1.720000e+00,0.000000e+00
5.400000e+00,-8.962739e+01,1.100000e+01,1.730000e+00,0.000000e+00
5.403000e+00,-8.962403e+01,1.100000e+01,1.740000e+00,0.000000e+00
5.407000e+00,-8.961952e+01,1.100000e+01,1.750000e+00,0.000000e+00
5.411000e+00,-8.961497e+01,1.100000e+01,1.760000e+00,0.000000e+00
5.414000e+00,-8.961154e+01,1.100000e+01,1.770000e+00,0.000000e+00
5.418000e+00,-8.960694e+01,1.100000e+01,1.780000e+00,0.000000e+00
5.422000e+00,-8.960230e+01,1.100000e+01,1.790000e+00,0.000000e+00
5.429000e+00,-8.959411e+01,1.100000e+01,1.800000e+00,0.000000e+00
5.434000e+00,-8.958819e+01,1.100000e+01,1.810000e+00,0.000000e+00
5.437000e+00,-8.958461e+01,1.100000e+01,1.820000e+00,0.000000e+00
5.442000e+00,-8.957860e+01,1.100000e+01,1.830000e+00,0.000000e+00
5.445000e+00,-8.957497e+01,1.100000e+01,1.840000e+00,0.000000e+00
5.449000e+00,-8.957010e+01,1.100000e+01,1.850000e+00,0.000000e+00
5.452000e+00,-8.956642e+01,1.100000e+01,1.860000e+00,0.000000e+00
5.457000e+00,-8.956025e+01,1.100000e+01,1.870000e+00,0.000000e+00
5.462000e+00,-8.955402e+01,1.100000e+01,1.880000e+00,0.000000e+00
5.466000e+00,-8.954900e+01,1.100000e+01,1.890000e+00,0.000000e+00
5.470000e+00,-8.954394e+01,1.100000e+01,1.900000e+00,0.000000e+00
5.475000e+00,-8.953756e+01,1.100000e+01,1.910000e+00,0.000000e+00
5.479000e+00,-8.953242e+01,1.100000e+01,1.920000e+00,0.000000e+00
5.490000e+00,-8.951810e+01,1.100000e+01,1.930000e+00,0.000000e+00
5.496000e+00,-8.951017e+01,1.100000e+01,1.940000e+00,0.000000e+00
5.501000e+00,-8.950350e+01,1.100000e+01,1.950000e+00,0.000000e+00
5.504000e+00,-8.949947e+01,1.100000e+01,1.960000e+00,0.000000e+00
5.508000e+00,-8.949406e+01,1.100000e+01,1.970000e+00,0.000000e+00
5.513000e+00,-8.948725e+01,1.100000e+01,1.980000e+00,0.000000e+00
5.517000e+00,-8.948176e+01,1.100000e+01,1.990000e+00,0.000000e+00
5.522000e+00,-8.947484e+01,1.100000e+01,2.000000e+00,0.000000e+00
5.526000e+00,-8.946927e+01,1.100000e+01,2.010000e+00,0.000000e+00
5.529000e+00,-8.946506e+01,1.100000e+01,2.020000e+00,0.000000e+00
5.533000e+00,-8.945942e+01,1.100000e+01,2.030000e+00,0.000000e+00
5.537000e+00,-8.945374e+01,1.100000e+01,2.040000e+00,0.000000e+00
5.540000e+00,-8.944946e+01,1.100000e+01,2.050000e+00,0.000000e+00
5.544000e+00,-8.944371e+01,1.100000e+01,2.060000e+00,0.000000e+00
5.547000e+00,-8.943938e+01,1.100000e+01,2.070000e+00,0.000000e+00
5.551000e+00,-8.943357e+01,1.100000e+01,2.080000e+00,0.000000e+00
5.555000e+00,-8.942772e+01,1.100000e+01,2.090000e+00,0.000000e+00
5.559000e+00,-8.942183e+01,1.100000e+01,2.100000e+00,0.000000e+00
5.562000e+00,-8.941739e+01,1.100000e+01,2.110000e+00,0.000000e+00
5.566000e+00,-8.941143e+01,1.100000e+01,2.120000e+00,0.000000e+00
5.571000e+00,-8.940393e+01,1.100000e+01,2.130000e+00,0.000000e+00
5.575000e+00,-8.939789e+01,1.100000e+01,2.140000e+00,0.000000e+00
5.583000e+00,-8.938568e+01,1.100000e+01,2.150000e+00,0.000000e+00
5.588000e+00,-8.937797e+01,1.100000e+01,2.160000e+00,0.000000e+00
5.592000e+00,-8.937176e+01,1.100000e+01,2.170000e+00,0.000000e+00
5.596000e+00,-8.936551e+01,1.100000e+01,2.180000e+00,0.000000e+00
5.601000e+00,-8.935763e+01,1.100000e+01,2.190000e+00,0.000000e+00
5.605000e+00,-8.935129e+01,1.100000e+01,2.200000e+00,0.000000e+00
5.613000e+00,-8.933849e+01,1.100000e+01,2.210000e+00,0.000000e+00
5.618000e+00,-8.933040e+01,1.100000e+01,2.220000e+00,0.000000e+00
5.623000e+00,-8.932226e+01,1.100000e+01,2.230000e+00,0.000000e+00
5.627000e+00,-8.931569e+01,1.100000e+01,2.240000e+00,0.000000e+00
5.630000e+00,-8.931074e+01,1.100000e+01,2.250000e+00,0.000000e+00
5.635000e+00,-8.930244e+01,1.100000e+01,2.260000e+00,0.000000e+00
5.638000e+00,-8.929743e+01,1.100000e+01,2.270000e+00,0.000000e+00
5.644000e+00,-8.928734e+01,1.100000e+01,2.280000e+00,0.000000e+00
5.649000e+00,-8.927886e+01,1.100000e+01,2.290000e+00,0.000000e+00
5.652000e+00,-8.927374e+01,1.100000e+01,2.300000e+00,0.000000e+00
5.659000e+00,-8.926171e+01,1.100000e+01,2.310000e+00,0.000000e+00
5.663000e+00,-8.925477e+01,1.100000e+01,2.320000e+00,0.000000e+00
5.668000e+00,-8.924605e+01,1.100000e+01,2.330000e+00,0.000000e+00
5.673000e+00,-8.923726e+01,1.100000e+01,2.340000e+00,0.000000e+00
5.678000e+00,-8.922840e+01,1.100000e+01,2.350000e+00,0.000000e+00
5.682000e+00,-8.922127e+01,1.100000e+01,2.360000e+00,0.000000e+00
5.687000e+00,-8.921230e+01,1.100000e+01,2.370000e+00,0.000000e+00
5.693000e+00,-8.920144e+01,1.100000e+01,2.380000e+00,0.000000e+00
5.698000e+00,-8.919232e+01,1.100000e+01,2.390000e+00,0.000000e+00
5.702000e+00,-8.918498e+01,1.100000e+01,2.400000e+00,0.000000e+00
5.710000e+00,-8.917017e+01,1.100000e+01,2.410000e+00,0.000000e+00
5.720000e+00,-8.915141e+01,1.100000e+01,2.420000e+00,0.000000e+00
5.726000e+00,-8.914003e+01,1.100000e+01,2.430000e+00,0.000000e+00
5.732000e+00,-8.912856e+01,1.100000e+01,2.440000e+00,0.000000e+00
5.737000e+00,-8.911892e+01,1.100000e+01,2.450000e+00,0.000000e+00
5.741000e+00,-8.911116e+01,1.100000e+01,2.460000e+00,0.000000e+00
5.744000e+00,-8.910531e+01,1.100000e+01,2.470000e+00,0.000000e+00
5.748000e+00,-8.909748e+01,1.100000e+01,2.480000e+00,0.000000e+00
5.754000e+00,-8.908565e+01,1.100000e+01,2.490000e+00,0.000000e+00
5.759000e+00,-8.907571e+01,1.100000e+01,2.500000e+00,0.000000e+00
5.763000e+00,-8.906772e+01,1.100000e+01,2.510000e+00,0.000000e+00
5.767000e+00,-8.905968e+01,1.100000e+01,2.520000e+00,0.000000e+00
5.771000e+00,-8.905160e+01,1.100000e+01,2.530000e+00,0.000000e+00
5.775000e+00,-8.904347e+01,1.100000e+01,2.540000e+00,0.000000e+00
5.782000e+00,-8.902915e+01,1.100000e+01,2.550000e+00,0.000000e+00
5.789000e+00,-8.901469e+01,1.100000e+01,2.560000e+00,0.000000e+00
5.793000e+00,-8.900637e+01,1.100000e+01,2.570000e+00,0.000000e+00
5.797000e+00,-8.899801e+01,1.100000e+01,2.580000e+00,0.000000e+00
5.802000e+00,-8.898749e+01,1.100000e+01,2.590000e+00,0.000000e+00
5.807000e+00,-8.897690e+01,1.100000e+01,2.600000e+00,0.000000e+00
5.810000e+00,-8.897052e+01,1.100000e+01,2.610000e+00,0.000000e+00
5.816000e+00,-8.895767e+01,1.100000e+01,2.620000e+00,0.000000e+00
5.822000e+00,-8.894473e+01,1.100000e+01,2.630000e+00,0.000000e+00
5.827000e+00,-8.893387e+01,1.100000e+01,2.640000e+00,0.000000e+00
5.832000e+00,-8.892294e+01,1.100000e+01,2.650000e+00,0.000000e+00
5.837000e+00,-8.891194e+01,1.100000e+01,2.660000e+00,0.000000e+00
5.841000e+00,-8.890309e+01,1.100000e+01,2.670000e+00,0.000000e+00
5.851000e+00,-8.888077e+01,1.100000e+01,2.680000e+00,0.000000e+00
5.855000e+00,-8.887176e+01,1.100000e+01,2.690000e+00,0.000000e+00
5.860000e+00,-8.886044e+01,1.100000e+01,2.700000e+00,0.000000e+00
5.865000e+00,-8.884905e+01,1.100000e+01,2.710000e+00,0.000000e+00
5.872000e+00,-8.883298e+01,1.100000e+01,2.720000e+00,0.000000e+00
5.878000e+00,-8.881910e+01,1.100000e+01,2.730000e+00,0.000000e+00
5.883000e+00,-8.880746e+01,1.100000e+01,2.740000e+00,0.000000e+00
5.887000e+00,-8.879809e+01,1.100000e+01,2.750000e+00,0.000000e+00
5.893000e+00,-8.878396e+01,1.100000e+01,2.760000e+00,0.000000e+00
5.897000e+00,-8.877448e+01,1.100000e+01,2.770000e+00,0.000000e+00
5.903000e+00,-8.876018e+01,1.100000e+01,2.780000e+00,0.000000e+00
5.913000e+00,-8.873612e+01,1.100000e+01,2.790000e+00,0.000000e+00
5.916000e+00,-8.872885e+01,1.100000e+01,2.800000e+00,0.000000e+00
5.922000e+00,-8.871422e+01,1.100000e+01,2.810000e+00,0.000000e+00
5.927000e+00,-8.870195e+01,1.100000e+01,2.820000e+00,0.000000e+00
5.930000e+00,-8.869456e+01,1.100000e+01,2.830000e+00,0.000000e+00
5.936000e+00,-8.867970e+01,1.100000e+01,2.840000e+00,0.000000e+00
5.948000e+00,-8.864966e+01,1.100000e+01,2.850000e+00,0.000000e+00
5.954000e+00,-8.863449e+01,1.100000e+01,2.860000e+00,0.000000e+00
5.960000e+00,-8.861922e+01,1.100000e+01,2.870000e+00,0.000000e+00
5.967000e+00,-8.860127e+01,1.100000e+01,2.880000e+00,0.000000e+00
5.972000e+00,-8.858836e+01,1.100000e+01,2.890000e+00,0.000000e+00
5.978000e+00,-8.857277e+01,1.100000e+01,2.900000e+00,0.000000e+00
5.994000e+00,-8.853071e+01,1.100000e+01,2.910000e+00,0.000000e+00
5.999000e+00,-8.851742e+01,1.100000e+01,2.920000e+00,0.000000e+00
6.004000e+00,-8.850405e+01,1.100000e+01,2.930000e+00,0.000000e+00
6.007000e+00,-8.849599e+01,1.100000e+01,2.940000e+00,0.000000e+00
6.015000e+00,-8.847439e+01,1.100000e+01,2.950000e+00,0.000000e+00
6.019000e+00,-8.846351e+01,1.100000e+01,2.960000e+00,0.000000e+00
6.025000e+00,-8.844712e+01,1.100000e+01,2.970000e+00,0.000000e+00
6.029000e+00,-8.843613e+01,1.100000e+01,2.980000e+00,0.000000e+00
6.033000e+00,-8.842510e+01,1.100000e+01,2.990000e+00,0.000000e+00
6.039000e+00,-8.840846e+01,1.100000e+01,3.000000e+00,0.000000e+00
6.044000e+00,-8.839452e+01,1.100000e+01,3.010000e+00,0.000000e+00
6.048000e+00,-8.838331e+01,1.100000e+01,3.020000e+00,0.000000e+00
6.053000e+00,-8.836924e+01,1.100000e+01,3.030000e+00,0.000000e+00
6.058000e+00,-8.835509e+01,1.100000e+01,3.040000e+00,0.000000e+00
6.062000e+00,-8.834372e+01,1.100000e+01,3.050000e+00,0.000000e+00
6.067000e+00,-8.832945e+01,1.100000e+01,3.060000e+00,0.000000e+00
6.071000e+00,-8.831798e+01,1.100000e+01,3.070000e+00,0.000000e+00
6.076000e+00,-8.830357e+01,1.100000e+01,3.080000e+00,0.000000e+00
6.080000e+00,-8.829199e+01,1.100000e+01,3.090000e+00,0.000000e+00
6.084000e+00,-8.828037e+01,1.100000e+01,3.100000e+00,0.000000e+00
6.089000e+00,-8.826578e+01,1.100000e+01,3.110000e+00,0.000000e+00
6.095000e+00,-8.824817e+01,1.100000e+01,3.120000e+00,0.000000e+00
6.099000e+00,-8.823637e+01,1.100000e+01,3.130000e+00,0.000000e+00
6.103000e+00,-8.822453e+01,1.100000e+01,3.140000e+00,0.000000e+00
6.107000e+00,-8.821263e+01,1.100000e+01,3.150000e+00,0.000000e+00
6.114000e+00,-8.819171e+01,1.100000e+01,3.160000e+00,0.000000e+00
6.118000e+00,-8.817970e+01,1.100000e+01,3.170000e+00,0.000000e+00
6.123000e+00,-8.816461e+01,1.100000e+01,3.180000e+00,0.000000e+00
6.127000e+00,-8.815248e+01,1.100000e+01,3.190000e+00,0.000000e+00
6.133000e+00,-8.813421e+01,1.100000e+01,3.200000e+00,0.000000e+00
6.137000e+00,-8.812197e+01,1.100000e+01,3.210000e+00,0.000000e+00
6.142000e+00,-8.810660e+01,1.100000e+01,3.220000e+00,0.000000e+00
6.145000e+00,-8.809735e+01,1.100000e+01,3.230000e+00,0.000000e+00
6.151000e+00,-8.807876e+01,1.100000e+01,3.240000e+00,0.000000e+00
6.155000e+00,-8.806630e+01,1.100000e+01,3.250000e+00,0.000000e+00
6.159000e+00,-8.805381e+01,1.100000e+01,3.260000e+00,0.000000e+00
6.164000e+00,-8.803812e+01,1.100000e+01,3.270000e+00,0.000000e+00
6.170000e+00,-8.801919e+01,1.100000e+01,3.280000e+00,0.000000e+00
6.174000e+00,-8.800652e+01,1.100000e+01,3.290000e+00,0.000000e+00
6.178000e+00,-8.799379e+01,1.100000e+01,3.300000e+00,0.000000e+00
6.184000e+00,-8.797462e+01,1.100000e+01,3.310000e+00,0.000000e+00
6.188000e+00,-8.796178e+01,1.100000e+01,3.320000e+00,0.000000e+00
6.193000e+00,-8.794566e+01,1.100000e+01,3.330000e+00,0.000000e+00
6.198000e+00,-8.792947e+01,1.100000e+01,3.340000e+00,0.000000e+00
6.202000e+00,-8.791647e+01,1.100000e+01,3.350000e+00,0.000000e+00
6.207000e+00,-8.790015e+01,1.100000e+01,3.360000e+00,0.000000e+00
6.211000e+00,-8.788703e+01,1.100000e+01,3.370000e+00,0.000000e+00
6.215000e+00,-8.787387e+01,1.100000e+01,3.380000e+00,0.000000e+00
6.220000e+00,-8.785736e+01,1.100000e+01,3.390000e+00,0.000000e+00
6.224000e+00,-8.784409e+01,1.100000e+01,3.400000e+00,0.000000e+00
6.229000e+00,-8.782744e+01,1.100000e+01,3.410000e+00,0.000000e+00
6.233000e+00,-8.781407e+01,1.100000e+01,3.420000e+00,0.000000e+00
6.236000e+00,-8.780401e+01,1.100000e+01,3.430000e+00,0.000000e+00
6.243000e+00,-8.778043e+01,1.100000e+01,3.440000e+00,0.000000e+00
6.246000e+00,-8.777028e+01,1.100000e+01,3.450000e+00,0.000000e+00
6.253000e+00,-8.774650e+01,1.100000e+01,3.460000e+00,0.000000e+00
6.256000e+00,-8.773626e+01,1.100000e+01,3.470000e+00,0.000000e+00
6.262000e+00,-8.771570e+01,1.100000e+01,3.480000e+00,0.000000e+00
6.267000e+00,-8.769849e+01,1.100000e+01,3.490000e+00,0.000000e+00
6.270000e+00,-8.768812e+01,1.100000e+01,3.500000e+00,0.000000e+00
6.275000e+00,-8.767079e+01,1.100000e+01,3.510000e+00,0.000000e+00
6.279000e+00,-8.765687e+01,1.100000e+01,3.520000e+00,0.000000e+00
6.283000e+00,-8.764291e+01,1.100000e+01,3.530000e+00,0.000000e+00
6.287000e+00,-8.762889e+01,1.100000e+01,3.540000e+00,0.000000e+00
6.291000e+00,-8.761483e+01,1.100000e+01,3.550000e+00,0.000000e+00
6.295000e+00,-8.760072e+01,1.100000e+01,3.560000e+00,0.000000e+00
6.298000e+00,-8.759011e+01,1.100000e+01,3.570000e+00,0.000000e+00
6.303000e+00,-8.757236e+01,1.100000e+01,3.580000e+00,0.000000e+00
6.308000e+00,-8.755454e+01,1.100000e+01,3.590000e+00,0.000000e+00
6.312000e+00,-8.754023e+01,1.100000e+01,3.600000e+00,0.000000e+00
6.316000e+00,-8.752587e+01,1.100000e+01,3.610000e+00,0.000000e+00
6.321000e+00,-8.750785e+01,1.100000e+01,3.620000e+00,0.000000e+00
6.326000e+00,-8.748976e+01,1.100000e+01,3.630000e+00,0.000000e+00
6.330000e+00,-8.747524e+01,1.100000e+01,3.640000e+00,0.000000e+00
6.334000e+00,-8.746066e+01,1.100000e+01,3.640000e+00,0.000000e+00
6.341000e+00,-8.743505e+01,1.100000e+01,3.640000e+00,0.000000e+00
6.347000e+00,-8.741297e+01,1.100000e+01,3.640000e+00,0.000000e+00
6.352000e+00,-8.739450e+01,1.100000e+01,3.640000e+00,0.000000e+00
6.358000e+00,-8.737223e+01,1.100000e+01,3.640000e+00,0.000000e+00
6.362000e+00,-8.735732e+01,1.100000e+01,3.640000e+00,0.000000e+00
6.367000e+00,-8.733863e+01,1.100000e+01,3.640000e+00,0.000000e+00
6.373000e+00,-8.731609e+01,1.100000e+01,3.640000e+00,0.000000e+00
6.378000e+00,-8.729723e+01,1.100000e+01,3.640000e+00,0.000000e+00
6.382000e+00,-8.728209e+01,1.100000e+01,3.640000e+00,0.000000e+00
6.387000e+00,-8.726309e+01,1.100000e+01,3.640000e+00,0.000000e+00
6.393000e+00,-8.724020e+01,1.100000e+01,3.640000e+00,0.000000e+00
6.397000e+00,-8.722488e+01,1.100000e+01,3.640000e+00,0.000000e+00
6.402000e+00,-8.720567e+01,1.100000e+01,3.640000e+00,0.000000e+00
6.408000e+00,-8.718251e+01,1.100000e+01,3.640000e+00,0.000000e+00
6.414000e+00,-8.715925e+01,1.100000e+01,3.640000e+00,0.000000e+00
6.420000e+00,-8.713588e+01,1.100000e+01,3.640000e+00,0.000000e+00
6.425000e+00,-8.711632e+01,1.100000e+01,3.640000e+00,0.000000e+00
6.430000e+00,-8.709669e+01,1.100000e+01,3.640000e+00,0.000000e+00
6.436000e+00,-8.707304e+01,1.100000e+01,3.640000e+00,0.000000e+00
6.442000e+00,-8.704928e+01,1.100000e+01,3.640000e+00,0.000000e+00
6.449000e+00,-8.702142e+01,1.100000e+01,3.640000e+00,0.000000e+00
6.453000e+00,-8.700544e+01,1.100000e+01,3.640000e+00,0.000000e+00
6.459000e+00,-8.698138e+01,1.100000e+01,3.640000e+00,0.000000e+00
6.464000e+00,-8.696125e+01,1.100000e+01,3.640000e+00,0.000000e+00
6.469000e+00,-8.694104e+01,1.100000e+01,3.640000e+00,0.000000e+00
6.474000e+00,-8.692076e+01,1.100000e+01,3.640000e+00,0.000000e+00
6.480000e+00,-8.689633e+01,1.100000e+01,3.640000e+00,0.000000e+00
6.485000e+00,-8.687589e+01,1.100000e+01,3.640000e+00,0.000000e+00
6.490000e+00,-8.685537e+01,1.100000e+01,3.640000e+00,0.000000e+00
6.495000e+00,-8.683478e+01,1.100000e+01,3.640000e+00,0.000000e+00
6.499000e+00,-8.681825e+01,1.100000e+01,3.640000e+00,0.000000e+00
6.504000e+00,-8.679753e+01,1.100000e+01,3.640000e+00,0.000000e+00
6.508000e+00,-8.678090e+01,1.100000e+01,3.640000e+00,0.000000e+00
6.513000e+00,-8.676004e+01,1.100000e+01,3.640000e+00,0.000000e+00
6.518000e+00,-8.673911e+01,1.100000e+01,3.640000e+00,0.000000e+00
6.524000e+00,-8.671389e+01,1.100000e+01,3.640000e+00,0.000000e+00
6.528000e+00,-8.669702e+01,1.100000e+01,3.640000e+00,0.000000e+00
6.534000e+00,-8.667163e+01,1.100000e+01,3.640000e+00,0.000000e+00
6.538000e+00,-8.665464e+01,1.100000e+01,3.640000e+00,0.000000e+00
6.544000e+00,-8.662907e+01,1.100000e+01,3.640000e+00,0.000000e+00
6.549000e+00,-8.660768e+01,1.100000e+01,3.640000e+00,0.000000e+00
6.554000e+00,-8.658622e+01,1.100000e+01,3.640000e+00,0.000000e+00
6.560000e+00,-8.656036e+01,1.100000e+01,3.640000e+00,0.000000e+00
6.565000e+00,-8.653873e+01,1.100000e+01,3.640000e+00,0.000000e+00
6.570000e+00,-8.651703e+01,1.100000e+01,3.640000e+00,0.000000e+00
6.575000e+00,-8.649525e+01,1.100000e+01,3.640000e+00,0.000000e+00
6.581000e+00,-8.646902e+01,1.100000e+01,3.640000e+00,0.000000e+00
6.586000e+00,-8.644708e+01,1.100000e+01,3.640000e+00,0.000000e+00
6.590000e+00,-8.642947e+01,1.100000e+01,3.640000e+00,0.000000e+00
6.594000e+00,-8.641182e+01,1.100000e+01,3.640000e+00,0.000000e+00
6.598000e+00,-8.639412e+01,1.100000e+01,3.640000e+00,0.000000e+00
6.602000e+00,-8.637637e+01,1.100000e+01,3.640000e+00,0.000000e+00
6.608000e+00,-8.634966e+01,1.100000e+01,3.640000e+00,0.000000e+00
6.613000e+00,-8.632731e+01,1.100000e+01,3.640000e+00,0.000000e+00
6.617000e+00,-8.630939e+01,1.100000e+01,3.640000e+00,0.000000e+00
6.622000e+00,-8.628691e+01,1.100000e+01,3.640000e+00,0.000000e+00
6.626000e+00,-8.626888e+01,1.100000e+01,3.640000e+00,0.000000e+00
6.630000e+00,-8.625080e+01,1.100000e+01,3.640000e+00,0.000000e+00
6.634000e+00,-8.623267e+01,1.100000e+01,3.640000e+00,0.000000e+00
6.638000e+00,-8.621449e+01,1.100000e+01,3.640000e+00,0.000000e+00
6.643000e+00,-8.619171e+01,1.100000e+01,3.640000e+00,0.000000e+00
6.647000e+00,-8.617343e+01,1.100000e+01,3.640000e+00,0.000000e+00
6.651000e+00,-8.615510e+01,1.100000e+01,3.640000e+00,0.000000e+00
6.656000e+00,-8.613212e+01,1.100000e+01,3.640000e+00,0.000000e+00
6.660000e+00,-8.611369e+01,1.100000e+01,3.640000e+00,0.000000e+00
6.664000e+00,-8.609521e+01,1.100000e+01,3.640000e+00,0.000000e+00
6.668000e+00,-8.607668e+01,1.100000e+01,3.640000e+00,0.000000e+00
6.673000e+00,-8.605346e+01,1.100000e+01,3.640000e+00,0.000000e+00
6.677000e+00,-8.603483e+01,1.100000e+01,3.640000e+00,0.000000e+00
6.681000e+00,-8.601615e+01,1.100000e+01,3.640000e+00,0.000000e+00
6.686000e+00,-8.599274e+01,1.100000e+01,3.640000e+00,0.000000e+00
6.691000e+00,-8.596926e+01,1.100000e+01,3.640000e+00,0.000000e+00
6.694000e+00,-8.595513e+01,1.100000e+01,3.640000e+00,0.000000e+00
6.699000e+00,-8.593154e+01,1.100000e+01,3.640000e+00,0.000000e+00
6.704000e+00,-8.590787e+01,1.100000e+01,3.640000e+00,0.000000e+00
6.708000e+00,-8.588889e+01,1.100000e+01,3.640000e+00,0.000000e+00
6.712000e+00,-8.586986e+01,1.100000e+01,3.640000e+00,0.000000e+00
6.716000e+00,-8.585079e+01,1.100000e+01,3.640000e+00,0.000000e+00
6.720000e+00,-8.583167e+01,1.100000e+01,3.640000e+00,0.000000e+00
6.725000e+00,-8.580771e+01,1.100000e+01,3.640000e+00,0.000000e+00
6.729000e+00,-8.578849e+01,1.100000e+01,3.640000e+00,0.000000e+00
6.734000e+00,-8.576441e+01,1.100000e+01,3.640000e+00,0.000000e+00
6.738000e+00,-8.574509e+01,1.100000e+01,3.640000e+00,0.000000e+00
6.742000e+00,-8.572574e+01,1.100000e+01,3.640000e+00,0.000000e+00
6.746000e+00,-8.570633e+01,1.100000e+01,3.640000e+00,0.000000e+00
6.755000e+00,-8.566253e+01,1.100000e+01,3.640000e+00,0.000000e+00
6.761000e+00,-8.563320e+01,1.100000e+01,3.640000e+00,0.000000e+00
6.765000e+00,-8.561360e+01,1.100000e+01,3.640000e+00,0.000000e+00
6.769000e+00,-8.559396e+01,1.100000e+01,3.640000e+00,0.000000e+00
6.774000e+00,-8.556934e+01,1.100000e+01,3.640000e+00,0.000000e+00
6.778000e+00,-8.554961e+01,1.100000e+01,3.640000e+00,0.000000e+00
6.783000e+00,-8.552488e+01,1.100000e+01,3.640000e+00,0.000000e+00
6.790000e+00,-8.549015e+01,1.100000e+01,3.640000e+00,0.000000e+00
6.795000e+00,-8.546527e+01,1.100000e+01,3.640000e+00,0.000000e+00
6.799000e+00,-8.544532e+01,1.100000e+01,3.640000e+00,0.000000e+00
6.803000e+00,-8.542533e+01,1.100000e+01,3.640000e+00,0.000000e+00
6.808000e+00,-8.540029e+01,1.100000e+01,3.640000e+00,0.000000e+00
6.812000e+00,-8.538021e+01,1.100000e+01,3.640000e+00,0.000000e+00
6.818000e+00,-8.535002e+01,1.100000e+01,3.640000e+00,0.000000e+00
6.822000e+00,-8.532984e+01,1.100000e+01,3.640000e+00,0.000000e+00
6.826000e+00,-8.530962e+01,1.100000e+01,3.640000e+00,0.000000e+00
6.832000e+00,-8.527923e+01,1.100000e+01,3.640000e+00,0.000000e+00
6.837000e+00,-8.525383e+01,1.100000e+01,3.640000e+00,0.000000e+00
6.844000e+00,-8.521818e+01,1.100000e+01,3.640000e+00,0.000000e+00
6.848000e+00,-8.519775e+01,1.100000e+01,3.640000e+00,0.000000e+00
6.855000e+00,-8.516192e+01,1.100000e+01,3.640000e+00,0.000000e+00
6.862000e+00,-8.512597e+01,1.100000e+01,3.640000e+00,0.000000e+00
6.867000e+00,-8.510022e+01,1.100000e+01,3.640000e+00,0.000000e+00
6.872000e+00,-8.507441e+01,1.100000e+01,3.640000e+00,0.000000e+00
6.877000e+00,-8.504855e+01,1.100000e+01,3.640000e+00,0.000000e+00
6.881000e+00,-8.502782e+01,1.100000e+01,3.640000e+00,0.000000e+00
6.887000e+00,-8.499665e+01,1.100000e+01,3.640000e+00,0.000000e+00
6.893000e+00,-8.496540e+01,1.100000e+01,3.640000e+00,0.000000e+00
6.900000e+00,-8.492884e+01,1.100000e+01,3.640000e+00,0.000000e+00
6.910000e+00,-8.487642e+01,1.100000e+01,3.640000e+00,0.000000e+00
6.921000e+00,-8.481851e+01,1.100000e+01,3.640000e+00,0.000000e+00
6.925000e+00,-8.479738e+01,1.100000e+01,3.640000e+00,0.000000e+00
6.930000e+00,-8.477092e+01,1.100000e+01,3.640000e+00,0.000000e+00
6.935000e+00,-8.474441e+01,1.100000e+01,3.640000e+00,0.000000e+00
6.942000e+00,-8.470720e+01,1.100000e+01,3.640000e+00,0.000000e+00
6.947000e+00,-8.468056e+01,1.100000e+01,3.640000e+00,0.000000e+00
6.953000e+00,-8.464852e+01,1.100000e+01,3.640000e+00,0.000000e+00
6.957000e+00,-8.462712e+01,1.100000e+01,3.640000e+00,0.000000e+00
6.962000e+00,-8.460032e+01,1.100000e+01,3.640000e+00,0.000000e+00
6.966000e+00,-8.457884e+01,1.100000e+01,3.640000e+00,0.000000e+00
6.971000e+00,-8.455194e+01,1.100000e+01,3.640000e+00,0.000000e+00
6.976000e+00,-8.452499e+01,1.100000e+01,3.640000e+00,0.000000e+00
6.980000e+00,-8.450339e+01,1.100000e+01,3.640000e+00,0.000000e+00
6.984000e+00,-8.448176e+01,1.100000e+01,3.640000e+00,0.000000e+00
6.989000e+00,-8.445467e+01,1.100000e+01,3.640000e+00,0.000000e+00
6.994000e+00,-8.442754e+01,1.100000e+01,3.640000e+00,0.000000e+00
6.999000e+00,-8.440035e+01,1.100000e+01,3.640000e+00,0.000000e+00
7.005000e+00,-8.436765e+01,1.100000e+01,3.640000e+00,0.000000e+00
7.010000e+00,-8.434035e+01,1.100000e+01,3.640000e+00,0.000000e+00
7.015000e+00,-8.431300e+01,1.100000e+01,3.640000e+00,0.000000e+00
7.022000e+00,-8.427462e+01,1.100000e+01,3.640000e+00,0.000000e+00
7.026000e+00,-8.425264e+01,1.100000e+01,3.640000e+00,0.000000e+00
7.031000e+00,-8.422513e+01,1.100000e+01,3.640000e+00,0.000000e+00
7.035000e+00,-8.420308e+01,1.100000e+01,3.640000e+00,0.000000e+00
7.041000e+00,-8.416995e+01,1.100000e+01,3.640000e+00,0.000000e+00
7.046000e+00,-8.414228e+01,1.100000e+01,3.640000e+00,0.000000e+00
7.052000e+00,-8.410902e+01,1.100000e+01,3.640000e+00,0.000000e+00
7.056000e+00,-8.408681e+01,1.100000e+01,3.640000e+00,0.000000e+00
7.060000e+00,-8.406456e+01,1.100000e+01,3.640000e+00,0.000000e+00
7.064000e+00,-8.404229e+01,1.100000e+01,3.640000e+00,0.000000e+00
7.068000e+00,-8.401998e+01,1.100000e+01,3.640000e+00,0.000000e+00
7.073000e+00,-8.399205e+01,1.100000e+01,3.640000e+00,0.000000e+00
7.077000e+00,-8.396967e+01,1.100000e+01,3.640000e+00,0.000000e+00
7.081000e+00,-8.394726e+01,1.100000e+01,3.640000e+00,0.000000e+00
7.086000e+00,-8.391921e+01,1.100000e+01,3.640000e+00,0.000000e+00
7.090000e+00,-8.389673e+01,1.100000e+01,3.640000e+00,0.000000e+00
7.094000e+00,-8.387422e+01,1.100000e+01,3.640000e+00,0.000000e+00
7.098000e+00,-8.385168e+01,1.100000e+01,3.640000e+00,0.000000e+00
7.102000e+00,-8.382912e+01,1.100000e+01,3.640000e+00,0.000000e+00
7.107000e+00,-8.380086e+01,1.100000e+01,3.640000e+00,0.000000e+00
7.111000e+00,-8.377823e+01,1.100000e+01,3.640000e+00,0.000000e+00
7.115000e+00,-8.375556e+01,1.100000e+01,3.640000e+00,0.000000e+00
7.119000e+00,-8.373286e+01,1.100000e+01,3.640000e+00,0.000000e+00
7.123000e+00,-8.371014e+01,1.100000e+01,3.640000e+00,0.000000e+00
7.127000e+00,-8.368738e+01,1.100000e+01,3.640000e+00,0.000000e+00
7.132000e+00,-8.365889e+01,1.100000e+01,3.640000e+00,0.000000e+00
7.136000e+00,-8.363607e+01,1.100000e+01,3.640000e+00,0.000000e+00
7.140000e+00,-8.361322e+01,1.100000e+01,3.640000e+00,0.000000e+00
7.146000e+00,-8.357889e+01,1.100000e+01,3.640000e+00,0.000000e+00
7.150000e+00,-8.355596e+01,1.100000e+01,3.640000e+00,0.000000e+00
7.154000e+00,-8.353301e+01,1.100000e+01,3.640000e+00,0.000000e+00
7.158000e+00,-8.351003e+01,1.100000e+01,3.640000e+00,0.000000e+00
7.162000e+00,-8.348701e+01,1.100000e+01,3.640000e+00,0.000000e+00
7.165000e+00,-8.346974e+01,1.100000e+01,3.640000e+00,0.000000e+00
7.170000e+00,-8.344090e+01,1.100000e+01,3.640000e+00,0.000000e+00
7.174000e+00,-8.341781e+01,1.100000e+01,3.640000e+00,0.000000e+00
7.179000e+00,-8.338890e+01,1.100000e+01,3.640000e+00,0.000000e+00
7.183000e+00,-8.336573e+01,1.100000e+01,3.640000e+00,0.000000e+00
7.187000e+00,-8.334254e+01,1.100000e+01,3.640000e+00,0.000000e+00
7.191000e+00,-8.331933e+01,1.100000e+01,3.640000e+00,0.000000e+00
7.195000e+00,-8.329608e+01,1.100000e+01,3.640000e+00,0.000000e+00
7.199000e+00,-8.327281e+01,1.100000e+01,3.640000e+00,0.000000e+00
7.203000e+00,-8.324950e+01,1.100000e+01,3.640000e+00,0.000000e+00
7.207000e+00,-8.322617e+01,1.100000e+01,3.640000e+00,0.000000e+00
7.213000e+00,-8.319113e+01,1.100000e+01,3.640000e+00,0.000000e+00
7.216000e+00,-8.317358e+01,1.100000e+01,3.640000e+00,0.000000e+00
7.221000e+00,-8.314430e+01,1.100000e+01,3.640000e+00,0.000000e+00
7.226000e+00,-8.311498e+01,1.100000e+01,3.640000e+00,0.000000e+00
7.229000e+00,-8.309737e+01,1.100000e+01,3.640000e+00,0.000000e+00
7.234000e+00,-8.306798e+01,1.100000e+01,3.640000e+00,0.000000e+00
7.238000e+00,-8.304443e+01,1.100000e+01,3.640000e+00,0.000000e+00
7.242000e+00,-8.302086e+01,1.100000e+01,3.640000e+00,0.000000e+00
7.247000e+00,-8.299137e+01,1.100000e+01,3.640000e+00,0.000000e+00
7.250000e+00,-8.297365e+01,1.100000e+01,3.640000e+00,0.000000e+00
7.255000e+00,-8.294408e+01,1.100000e+01,3.640000e+00,0.000000e+00
7.261000e+00,-8.290854e+01,1.100000e+01,3.640000e+00,0.000000e+00
7.264000e+00,-8.289075e+01,1.100000e+01,3.640000e+00,0.000000e+00
7.268000e+00,-8.286701e+01,1.100000e+01,3.640000e+00,0.000000e+00
7.273000e+00,-8.283730e+01,1.100000e+01,3.640000e+00,0.000000e+00
7.277000e+00,-8.281349e+01,1.100000e+01,3.640000e+00,0.000000e+00
7.282000e+00,-8.278370e+01,1.100000e+01,3.640000e+00,0.000000e+00
7.287000e+00,-8.275387e+01,1.100000e+01,3.640000e+00,0.000000e+00
7.291000e+00,-8.272998e+01,1.100000e+01,3.640000e+00,0.000000e+00
7.296000e+00,-8.270008e+01,1.100000e+01,3.640000e+00,0.000000e+00
7.301000e+00,-8.267013e+01,1.100000e+01,3.640000e+00,0.000000e+00
7.305000e+00,-8.264615e+01,1.100000e+01,3.640000e+00,0.000000e+00
7.309000e+00,-8.262214e+01,1.100000e+01,3.640000e+00,0.000000e+00
7.313000e+00,-8.259811e+01,1.100000e+01,3.640000e+00,0.000000e+00
7.317000e+00,-8.257405e+01,1.100000e+01,3.640000e+00,0.000000e+00
7.320000e+00,-8.255598e+01,1.100000e+01,3.640000e+00,0.000000e+00
7.325000e+00,-8.252585e+01,1.100000e+01,3.640000e+00,0.000000e+00
7.330000e+00,-8.249568e+01,1.100000e+01,3.640000e+00,0.000000e+00
7.334000e+00,-8.247151e+01,1.100000e+01,3.640000e+00,0.000000e+00
7.338000e+00,-8.244732e+01,1.100000e+01,3.640000e+00,0.000000e+00
7.342000e+00,-8.242310e+01,1.100000e+01,3.640000e+00,0.000000e+00
7.346000e+00,-8.239886e+01,1.100000e+01,3.640000e+00,0.000000e+00
7.351000e+00,-8.236852e+01,1.100000e+01,3.640000e+00,0.000000e+00
7.354000e+00,-8.235030e+01,1.100000e+01,3.640000e+00,0.000000e+00
7.359000e+00,-8.231990e+01,1.100000e+01,3.640000e+00,0.000000e+00
7.364000e+00,-8.228946e+01,1.100000e+01,3.640000e+00,0.000000e+00
7.368000e+00,-8.226509e+01,1.100000e+01,3.640000e+00,0.000000e+00
7.373000e+00,-8.223458e+01,1.100000e+01,3.640000e+00,0.000000e+00
7.378000e+00,-8.220404e+01,1.100000e+01,3.640000e+00,0.000000e+00
7.382000e+00,-8.217957e+01,1.100000e+01,3.640000e+00,0.000000e+00
7.387000e+00,-8.214896e+01,1.100000e+01,3.640000e+00,0.000000e+00
7.391000e+00,-8.212445e+01,1.100000e+01,3.640000e+00,0.000000e+00
7.395000e+00,-8.209991e+01,1.100000e+01,3.640000e+00,0.000000e+00
7.400000e+00,-8.206920e+01,1.100000e+01,3.640000e+00,0.000000e+00
7.404000e+00,-8.204461e+01,1.100000e+01,3.640000e+00,0.000000e+00
7.408000e+00,-8.201999e+01,1.100000e+01,3.640000e+00,0.000000e+00
7.413000e+00,-8.198919e+01,1.100000e+01,3.640000e+00,0.000000e+00
7.417000e+00,-8.196452e+01,1.100000e+01,3.640000e+00,0.000000e+00
7.422000e+00,-8.193365e+01,1.100000e+01,3.640000e+00,0.000000e+00
7.425000e+00,-8.191511e+01,1.100000e+01,3.640000e+00,0.000000e+00
7.430000e+00,-8.188418e+01,1.100000e+01,3.640000e+00,0.000000e+00
7.435000e+00,-8.185321e+01,1.100000e+01,3.640000e+00,0.000000e+00
7.441000e+00,-8.181601e+01,1.100000e+01,3.640000e+00,0.000000e+00
7.445000e+00,-8.179118e+01,1.100000e+01,3.640000e+00,0.000000e+00
7.450000e+00,-8.176011e+01,1.100000e+01,3.640000e+00,0.000000e+00
7.454000e+00,-8.173522e+01,1.100000e+01,3.640000e+00,0.000000e+00
7.458000e+00,-8.171032e+01,1.100000e+01,3.640000e+00,0.000000e+00
7.463000e+00,-8.167915e+01,1.100000e+01,3.640000e+00,0.000000e+00
7.467000e+00,-8.165420e+01,1.100000e+01,3.640000e+00,0.000000e+00
7.471000e+00,-8.162922e+01,1.100000e+01,3.640000e+00,0.000000e+00
7.477000e+00,-8.159171e+01,1.100000e+01,3.640000e+00,0.000000e+00
7.481000e+00,-8.156667e+01,1.100000e+01,3.640000e+00,0.000000e+00
7.487000e+00,-8.152908e+01,1.100000e+01,3.640000e+00,0.000000e+00
7.491000e+00,-8.150399e+01,1.100000e+01,3.640000e+00,0.000000e+00
7.497000e+00,-8.146631e+01,1.100000e+01,3.640000e+00,0.000000e+00
7.501000e+00,-8.144117e+01,1.100000e+01,3.640000e+00,0.000000e+00
7.506000e+00,-8.140971e+01,1.100000e+01,3.640000e+00,0.000000e+00
7.510000e+00,-8.138451e+01,1.100000e+01,3.640000e+00,0.000000e+00
7.518000e+00,-8.133406e+01,1.100000e+01,3.640000e+00,0.000000e+00
7.524000e+00,-8.129617e+01,1.100000e+01,3.640000e+00,0.000000e+00
7.528000e+00,-8.127088e+01,1.100000e+01,3.640000e+00,0.000000e+00
7.533000e+00,-8.123923e+01,1.100000e+01,3.640000e+00,0.000000e+00
7.538000e+00,-8.120756e+01,1.100000e+01,3.640000e+00,0.000000e+00
7.544000e+00,-8.116950e+01,1.100000e+01,3.640000e+00,0.000000e+00
7.548000e+00,-8.114410e+01,1.100000e+01,3.640000e+00,0.000000e+00
7.552000e+00,-8.111869e+01,1.100000e+01,3.640000e+00,0.000000e+00
7.559000e+00,-8.107415e+01,1.100000e+01,3.640000e+00,0.000000e+00
7.564000e+00,-8.104231e+01,1.100000e+01,3.640000e+00,0.000000e+00
7.569000e+00,-8.101043e+01,1.100000e+01,3.640000e+00,0.000000e+00
7.574000e+00,-8.097851e+01,1.100000e+01,3.640000e+00,0.000000e+00
7.578000e+00,-8.095296e+01,1.100000e+01,3.640000e+00,0.000000e+00
7.582000e+00,-8.092739e+01,1.100000e+01,3.640000e+00,0.000000e+00
7.588000e+00,-8.088899e+01,1.100000e+01,3.640000e+00,0.000000e+00
7.592000e+00,-8.086337e+01,1.100000e+01,3.640000e+00,0.000000e+00
7.597000e+00,-8.083131e+01,1.100000e+01,3.640000e+00,0.000000e+00
7.602000e+00,-8.079922e+01,1.100000e+01,3.640000e+00,0.000000e+00
7.607000e+00,-8.076710e+01,1.100000e+01,3.640000e+00,0.000000e+00
7.611000e+00,-8.074138e+01,1.100000e+01,3.640000e+00,0.000000e+00
7.616000e+00,-8.070920e+01,1.100000e+01,3.640000e+00,0.000000e+00
7.619000e+00,-8.068988e+01,1.100000e+01,3.640000e+00,0.000000e+00
7.624000e+00,-8.065765e+01,1.100000e+01,3.640000e+00,0.000000e+00
7.628000e+00,-8.063184e+01,1.100000e+01,3.640000e+00,0.000000e+00
7.632000e+00,-8.060602e+01,1.100000e+01,3.640000e+00,0.000000e+00
7.637000e+00,-8.057371e+01,1.100000e+01,3.640000e+00,0.000000e+00
7.641000e+00,-8.054785e+01,1.100000e+01,3.640000e+00,0.000000e+00
7.645000e+00,-8.052196e+01,1.100000e+01,3.640000e+00,0.000000e+00
7.649000e+00,-8.049605e+01,1.100000e+01,3.640000e+00,0.000000e+00
7.653000e+00,-8.047012e+01,1.100000e+01,3.640000e+00,0.000000e+00
7.657000e+00,-8.044418e+01,1.100000e+01,3.640000e+00,0.000000e+00
7.660000e+00,-8.042471e+01,1.100000e+01,3.640000e+00,0.000000e+00
7.664000e+00,-8.039873e+01,1.100000e+01,3.640000e+00,0.000000e+00
7.668000e+00,-8.037273e+01,1.100000e+01,3.640000e+00,0.000000e+00
7.672000e+00,-8.034671e+01,1.100000e+01,3.640000e+00,0.000000e+00
7.676000e+00,-8.032068e+01,1.100000e+01,3.640000e+00,0.000000e+00
7.680000e+00,-8.029462e+01,1.100000e+01,3.640000e+00,0.000000e+00
7.685000e+00,-8.026202e+01,1.100000e+01,3.640000e+00,0.000000e+00
7.689000e+00,-8.023593e+01,1.100000e+01,3.640000e+00,0.000000e+00
7.693000e+00,-8.020981e+01,1.100000e+01,3.640000e+00,0.000000e+00
7.698000e+00,-8.017714e+01,1.100000e+01,3.640000e+00,0.000000e+00
7.701000e+00,-8.015752e+01,1.100000e+01,3.640000e+00,0.000000e+00
7.706000e+00,-8.012480e+01,1.100000e+01,3.640000e+00,0.000000e+00
7.710000e+00,-8.009861e+01,1.100000e+01,3.640000e+00,0.000000e+00
7.714000e+00,-8.007239e+01,1.100000e+01,3.640000e+00,0.000000e+00
7.719000e+00,-8.003960e+01,1.100000e+01,3.640000e+00,0.000000e+00
7.723000e+00,-8.001335e+01,1.100000e+01,3.640000e+00,0.000000e+00
7.727000e+00,-7.998707e+01,1.100000e+01,3.640000e+00,0.000000e+00
7.731000e+00,-7.996078e+01,1.100000e+01,3.640000e+00,0.000000e+00
7.736000e+00,-7.992789e+01,1.100000e+01,3.640000e+00,0.000000e+00
7.740000e+00,-7.990156e+01,1.100000e+01,3.640000e+00,0.000000e+00
7.745000e+00,-7.986862e+01,1.100000e+01,3.640000e+00,0.000000e+00
7.749000e+00,-7.984224e+01,1.100000e+01,3.640000e+00,0.000000e+00
7.754000e+00,-7.980925e+01,1.100000e+01,3.640000e+00,0.000000e+00
7.759000e+00,-7.977624e+01,1.100000e+01,3.640000e+00,0.000000e+00
7.763000e+00,-7.974980e+01,1.100000e+01,3.640000e+00,0.000000e+00
7.768000e+00,-7.971673e+01,1.100000e+01,3.640000e+00,0.000000e+00
7.772000e+00,-7.969026e+01,1.100000e+01,3.640000e+00,0.000000e+00
7.777000e+00,-7.965714e+01,1.100000e+01,3.640000e+00,0.000000e+00
7.782000e+00,-7.962400e+01,1.100000e+01,3.640000e+00,0.000000e+00
7.788000e+00,-7.958419e+01,1.100000e+01,3.640000e+00,0.000000e+00
7.792000e+00,-7.955762e+01,1.100000e+01,3.640000e+00,0.000000e+00
7.797000e+00,-7.952440e+01,1.100000e+01,3.640000e+00,0.000000e+00
7.802000e+00,-7.949114e+01,1.100000e+01,3.640000e+00,0.000000e+00
7.806000e+00,-7.946452e+01,1.100000e+01,3.640000e+00,0.000000e+00
7.812000e+00,-7.942456e+01,1.100000e+01,3.640000e+00,0.000000e+00
7.817000e+00,-7.939123e+01,1.100000e+01,3.640000e+00,0.000000e+00
7.821000e+00,-7.936454e+01,1.100000e+01,3.640000e+00,0.000000e+00
7.825000e+00,-7.933784e+01,1.100000e+01,3.640000e+00,0.000000e+00
7.828000e+00,-7.931780e+01,1.100000e+01,3.640000e+00,0.000000e+00
7.833000e+00,-7.928438e+01,1.100000e+01,3.640000e+00,0.000000e+00
7.837000e+00,-7.925763e+01,1.100000e+01,3.640000e+00,0.000000e+00
7.841000e+00,-7.923086e+01,1.100000e+01,3.640000e+00,0.000000e+00
7.846000e+00,-7.919738e+01,1.100000e+01,3.640000e+00,0.000000e+00
7.851000e+00,-7.916387e+01,1.100000e+01,3.640000e+00,0.000000e+00
7.856000e+00,-7.913033e+01,1.100000e+01,3.640000e+00,0.000000e+00
7.860000e+00,-7.910348e+01,1.100000e+01,3.640000e+00,0.000000e+00
7.864000e+00,-7.907662e+01,1.100000e+01,3.640000e+00,0.000000e+00
7.869000e+00,-7.904302e+01,1.100000e+01,3.640000e+00,0.000000e+00
7.873000e+00,-7.901612e+01,1.100000e+01,3.640000e+00,0.000000e+00
7.877000e+00,-7.898920e+01,1.100000e+01,3.640000e+00,0.000000e+00
7.881000e+00,-7.896227e+01,1.100000e+01,3.640000e+00,0.000000e+00
7.886000e+00,-7.892858e+01,1.100000e+01,3.640000e+00,0.000000e+00
7.891000e+00,-7.889487e+01,1.100000e+01,3.640000e+00,0.000000e+00
7.895000e+00,-7.886788e+01,1.100000e+01,3.640000e+00,0.000000e+00
7.899000e+00,-7.884088e+01,1.100000e+01,3.640000e+00,0.000000e+00
7.904000e+00,-7.880710e+01,1.100000e+01,3.640000e+00,0.000000e+00
7.909000e+00,-7.877330e+01,1.100000e+01,3.640000e+00,0.000000e+00
7.914000e+00,-7.873947e+01,1.100000e+01,3.640000e+00,0.000000e+00
7.918000e+00,-7.871239e+01,1.100000e+01,3.640000e+00,0.000000e+00
7.922000e+00,-7.868530e+01,1.100000e+01,3.640000e+00,0.000000e+00
7.926000e+00,-7.865819e+01,1.100000e+01,3.640000e+00,0.000000e+00
7.929000e+00,-7.863785e+01,1.100000e+01,3.640000e+00,0.000000e+00
7.934000e+00,-7.860392e+01,1.100000e+01,3.640000e+00,0.000000e+00
7.938000e+00,-7.857677e+01,1.100000e+01,3.640000e+00,0.000000e+00
7.944000e+00,-7.853600e+01,1.100000e+01,3.640000e+00,0.000000e+00
7.948000e+00,-7.850881e+01,1.100000e+01,3.640000e+00,0.000000e+00
7.952000e+00,-7.848160e+01,1.100000e+01,3.650000e+00,0.000000e+00
7.958000e+00,-7.844076e+01,1.100000e+01,3.660000e+00,0.000000e+00
7.963000e+00,-7.840669e+01,1.100000e+01,3.670000e+00,0.000000e+00
7.967000e+00,-7.837943e+01,1.100000e+01,3.680000e+00,0.000000e+00
7.971000e+00,-7.835215e+01,1.100000e+01,3.690000e+00,0.000000e+00
7.976000e+00,-7.831802e+01,1.100000e+01,3.700000e+00,0.000000e+00
7.980000e+00,-7.829071e+01,1.100000e+01,3.710000e+00,0.000000e+00
7.985000e+00,-7.825655e+01,1.100000e+01,3.720000e+00,0.000000e+00
7.990000e+00,-7.822236e+01,1.100000e+01,3.730000e+00,0.000000e+00
7.994000e+00,-7.819499e+01,1.100000e+01,3.740000e+00,0.000000e+00
7.998000e+00,-7.816761e+01,1.100000e+01,3.750000e+00,0.000000e+00
8.002000e+00,-7.814021e+01,1.100000e+01,3.760000e+00,0.000000e+00
8.006000e+00,-7.811279e+01,1.100000e+01,3.770000e+00,0.000000e+00
8.011000e+00,-7.807851e+01,1.100000e+01,3.780000e+00,0.000000e+00
8.015000e+00,-7.805106e+01,1.100000e+01,3.790000e+00,0.000000e+00
8.019000e+00,-7.802359e+01,1.100000e+01,3.800000e+00,0.000000e+00
8.023000e+00,-7.799611e+01,1.100000e+01,3.810000e+00,0.000000e+00
8.026000e+00,-7.797549e+01,1.100000e+01,3.820000e+00,0.000000e+00
8.031000e+00,-7.794111e+01,1.100000e+01,3.830000e+00,0.000000e+00
8.034000e+00,-7.792046e+01,1.100000e+01,3.840000e+00,0.000000e+00
8.038000e+00,-7.789292e+01,1.100000e+01,3.850000e+00,0.000000e+00
8.042000e+00,-7.786536e+01,1.100000e+01,3.860000e+00,0.000000e+00
8.046000e+00,-7.783779e+01,1.100000e+01,3.870000e+00,0.000000e+00
8.050000e+00,-7.781020e+01,1.100000e+01,3.880000e+00,0.000000e+00
8.055000e+00,-7.777568e+01,1.100000e+01,3.890000e+00,0.000000e+00
8.059000e+00,-7.774805e+01,1.100000e+01,3.900000e+00,0.000000e+00
8.065000e+00,-7.770658e+01,1.100000e+01,3.910000e+00,0.000000e+00
8.069000e+00,-7.767890e+01,1.100000e+01,3.920000e+00,0.000000e+00
8.073000e+00,-7.765121e+01,1.100000e+01,3.930000e+00,0.000000e+00
8.077000e+00,-7.762350e+01,1.100000e+01,3.940000e+00,0.000000e+00
8.082000e+00,-7.758884e+01,1.100000e+01,3.950000e+00,0.000000e+00
8.086000e+00,-7.756108e+01,1.100000e+01,3.960000e+00,0.000000e+00
8.091000e+00,-7.752637e+01,1.100000e+01,3.970000e+00,0.000000e+00
8.095000e+00,-7.749857e+01,1.100000e+01,3.980000e+00,0.000000e+00
8.100000e+00,-7.746380e+01,1.100000e+01,3.990000e+00,0.000000e+00
8.105000e+00,-7.742900e+01,1.100000e+01,4.000000e+00,0.000000e+00
8.110000e+00,-7.739417e+01,1.100000e+01,4.010000e+00,0.000000e+00
8.115000e+00,-7.735930e+01,1.100000e+01,4.020000e+00,0.000000e+00
8.119000e+00,-7.733139e+01,1.100000e+01,4.030000e+00,0.000000e+00
8.124000e+00,-7.729647e+01,1.100000e+01,4.040000e+00,0.000000e+00
8.129000e+00,-7.726152e+01,1.100000e+01,4.050000e+00,0.000000e+00
8.132000e+00,-7.724053e+01,1.100000e+01,4.060000e+00,0.000000e+00
8.137000e+00,-7.720553e+01,1.100000e+01,4.070000e+00,0.000000e+00
8.141000e+00,-7.717750e+01,1.100000e+01,4.080000e+00,0.000000e+00
8.145000e+00,-7.714945e+01,1.100000e+01,4.090000e+00,0.000000e+00
8.150000e+00,-7.711436e+01,1.100000e+01,4.100000e+00,0.000000e+00
8.156000e+00,-7.707221e+01,1.100000e+01,4.110000e+00,0.000000e+00
8.160000e+00,-7.704408e+01,1.100000e+01,4.120000e+00,0.000000e+00
8.165000e+00,-7.700888e+01,1.100000e+01,4.130000e+00,0.000000e+00
8.170000e+00,-7.697366e+01,1.100000e+01,4.140000e+00,0.000000e+00
8.174000e+00,-7.694545e+01,1.100000e+01,4.150000e+00,0.000000e+00
8.178000e+00,-7.691722e+01,1.100000e+01,4.160000e+00,0.000000e+00
8.182000e+00,-7.688896e+01,1.100000e+01,4.170000e+00,0.000000e+00
8.187000e+00,-7.685361e+01,1.100000e+01,4.180000e+00,0.000000e+00
8.193000e+00,-7.681115e+01,1.100000e+01,4.190000e+00,0.000000e+00
8.198000e+00,-7.677572e+01,1.100000e+01,4.200000e+00,0.000000e+00
8.202000e+00,-7.674735e+01,1.100000e+01,4.210000e+00,0.000000e+00
8.207000e+00,-7.671185e+01,1.100000e+01,4.220000e+00,0.000000e+00
8.212000e+00,-7.667631e+01,1.100000e+01,4.230000e+00,0.000000e+00
8.216000e+00,-7.664786e+01,1.100000e+01,4.240000e+00,0.000000e+00
8.221000e+00,-7.661226e+01,1.100000e+01,4.250000e+00,0.000000e+00
8.226000e+00,-7.657662e+01,1.100000e+01,4.260000e+00,0.000000e+00
8.231000e+00,-7.654094e+01,1.100000e+01,4.270000e+00,0.000000e+00
8.236000e+00,-7.650522e+01,1.100000e+01,4.280000e+00,0.000000e+00
8.241000e+00,-7.646946e+01,1.100000e+01,4.290000e+00,0.000000e+00
8.245000e+00,-7.644083e+01,1.100000e+01,4.300000e+00,0.000000e+00
8.250000e+00,-7.640500e+01,1.100000e+01,4.310000e+00,0.000000e+00
8.254000e+00,-7.637631e+01,1.100000e+01,4.320000e+00,0.000000e+00
8.259000e+00,-7.634040e+01,1.100000e+01,4.330000e+00,0.000000e+00
8.264000e+00,-7.630446e+01,1.100000e+01,4.340000e+00,0.000000e+00
8.269000e+00,-7.626848e+01,1.100000e+01,4.350000e+00,0.000000e+00
8.274000e+00,-7.623246e+01,1.100000e+01,4.360000e+00,0.000000e+00
8.281000e+00,-7.618195e+01,1.100000e+01,4.370000e+00,0.000000e+00
8.285000e+00,-7.615306e+01,1.100000e+01,4.380000e+00,0.000000e+00
8.289000e+00,-7.612413e+01,1.100000e+01,4.390000e+00,0.000000e+00
8.295000e+00,-7.608070e+01,1.100000e+01,4.400000e+00,0.000000e+00
8.302000e+00,-7.602995e+01,1.100000e+01,4.410000e+00,0.000000e+00
8.306000e+00,-7.600091e+01,1.100000e+01,4.420000e+00,0.000000e+00
8.310000e+00,-7.597185e+01,1.100000e+01,4.430000e+00,0.000000e+00
8.315000e+00,-7.593547e+01,1.100000e+01,4.440000e+00,0.000000e+00
8.319000e+00,-7.590635e+01,1.100000e+01,4.450000e+00,0.000000e+00
8.324000e+00,-7.586990e+01,1.100000e+01,4.460000e+00,0.000000e+00
8.328000e+00,-7.584071e+01,1.100000e+01,4.470000e+00,0.000000e+00
8.333000e+00,-7.580418e+01,1.100000e+01,4.480000e+00,0.000000e+00
8.338000e+00,-7.576760e+01,1.100000e+01,4.490000e+00,0.000000e+00
8.343000e+00,-7.573099e+01,1.100000e+01,4.500000e+00,0.000000e+00
8.347000e+00,-7.570166e+01,1.100000e+01,4.510000e+00,0.000000e+00
8.351000e+00,-7.567230e+01,1.100000e+01,4.520000e+00,0.000000e+00
8.355000e+00,-7.564292e+01,1.100000e+01,4.530000e+00,0.000000e+00
8.361000e+00,-7.559879e+01,1.100000e+01,4.540000e+00,0.000000e+00
8.365000e+00,-7.556933e+01,1.100000e+01,4.550000e+00,0.000000e+00
8.370000e+00,-7.553247e+01,1.100000e+01,4.560000e+00,0.000000e+00
8.374000e+00,-7.550294e+01,1.100000e+01,4.570000e+00,0.000000e+00
8.378000e+00,-7.547339e+01,1.100000e+01,4.580000e+00,0.000000e+00
8.382000e+00,-7.544381e+01,1.100000e+01,4.590000e+00,0.000000e+00
8.386000e+00,-7.541419e+01,1.100000e+01,4.600000e+00,0.000000e+00
8.392000e+00,-7.536972e+01,1.100000e+01,4.610000e+00,0.000000e+00
8.397000e+00,-7.533260e+01,1.100000e+01,4.620000e+00,0.000000e+00
8.402000e+00,-7.529544e+01,1.100000e+01,4.630000e+00,0.000000e+00
8.406000e+00,-7.526567e+01,1.100000e+01,4.640000e+00,0.000000e+00
8.410000e+00,-7.523588e+01,1.100000e+01,4.650000e+00,0.000000e+00
8.414000e+00,-7.520605e+01,1.100000e+01,4.660000e+00,0.000000e+00
8.419000e+00,-7.516872e+01,1.100000e+01,4.670000e+00,0.000000e+00
8.423000e+00,-7.513882e+01,1.100000e+01,4.680000e+00,0.000000e+00
8.428000e+00,-7.510141e+01,1.100000e+01,4.690000e+00,0.000000e+00
8.432000e+00,-7.507144e+01,1.100000e+01,4.700000e+00,0.000000e+00
8.437000e+00,-7.503394e+01,1.100000e+01,4.710000e+00,0.000000e+00
8.441000e+00,-7.500390e+01,1.100000e+01,4.720000e+00,0.000000e+00
8.445000e+00,-7.497383e+01,1.100000e+01,4.730000e+00,0.000000e+00
8.450000e+00,-7.493619e+01,1.100000e+01,4.740000e+00,0.000000e+00
8.455000e+00,-7.489851e+01,1.100000e+01,4.750000e+00,0.000000e+00
8.459000e+00,-7.486833e+01,1.100000e+01,4.760000e+00,0.000000e+00
8.463000e+00,-7.483811e+01,1.100000e+01,4.770000e+00,0.000000e+00
8.470000e+00,-7.478516e+01,1.100000e+01,4.780000e+00,0.000000e+00
8.477000e+00,-7.473210e+01,1.100000e+01,4.790000e+00,0.000000e+00
8.482000e+00,-7.469414e+01,1.100000e+01,4.800000e+00,0.000000e+00
8.485000e+00,-7.467134e+01,1.100000e+01,4.810000e+00,0.000000e+00
8.490000e+00,-7.463330e+01,1.100000e+01,4.820000e+00,0.000000e+00
8.494000e+00,-7.460283e+01,1.100000e+01,4.830000e+00,0.000000e+00
8.500000e+00,-7.455706e+01,1.100000e+01,4.840000e+00,0.000000e+00
8.506000e+00,-7.451121e+01,1.100000e+01,4.850000e+00,0.000000e+00
8.511000e+00,-7.447295e+01,1.100000e+01,4.860000e+00,0.000000e+00
8.515000e+00,-7.444230e+01,1.100000e+01,4.870000e+00,0.000000e+00
8.520000e+00,-7.440394e+01,1.100000e+01,4.880000e+00,0.000000e+00
8.524000e+00,-7.437322e+01,1.100000e+01,4.890000e+00,0.000000e+00
8.528000e+00,-7.434246e+01,1.100000e+01,4.900000e+00,0.000000e+00
8.533000e+00,-7.430396e+01,1.100000e+01,4.910000e+00,0.000000e+00
8.539000e+00,-7.425769e+01,1.100000e+01,4.920000e+00,0.000000e+00
8.543000e+00,-7.422680e+01,1.100000e+01,4.930000e+00,0.000000e+00
8.547000e+00,-7.419587e+01,1.100000e+01,4.940000e+00,0.000000e+00
8.552000e+00,-7.415717e+01,1.100000e+01,4.950000e+00,0.000000e+00
8.556000e+00,-7.412617e+01,1.100000e+01,4.960000e+00,0.000000e+00
8.560000e+00,-7.409513e+01,1.100000e+01,4.970000e+00,0.000000e+00
8.564000e+00,-7.406406e+01,1.100000e+01,4.980000e+00,0.000000e+00
8.569000e+00,-7.402516e+01,1.100000e+01,4.990000e+00,0.000000e+00
8.573000e+00,-7.399401e+01,1.100000e+01,5.000000e+00,0.000000e+00
8.577000e+00,-7.396282e+01,1.100000e+01,5.010000e+00,0.000000e+00
8.581000e+00,-7.393160e+01,1.100000e+01,5.020000e+00,0.000000e+00
8.586000e+00,-7.389252e+01,1.100000e+01,5.030000e+00,0.000000e+00
8.590000e+00,-7.386121e+01,1.100000e+01,5.040000e+00,0.000000e+00
8.595000e+00,-7.382203e+01,1.100000e+01,5.050000e+00,0.000000e+00
8.600000e+00,-7.378279e+01,1.100000e+01,5.060000e+00,0.000000e+00
8.604000e+00,-7.375136e+01,1.100000e+01,5.070000e+00,0.000000e+00
8.609000e+00,-7.371202e+01,1.100000e+01,5.080000e+00,0.000000e+00
8.614000e+00,-7.367262e+01,1.100000e+01,5.090000e+00,0.000000e+00
8.618000e+00,-7.364106e+01,1.100000e+01,5.100000e+00,0.000000e+00
8.623000e+00,-7.360156e+01,1.100000e+01,5.110000e+00,0.000000e+00
8.629000e+00,-7.355408e+01,1.100000e+01,5.120000e+00,0.000000e+00
8.633000e+00,-7.352239e+01,1.100000e+01,5.130000e+00,0.000000e+00
8.637000e+00,-7.349065e+01,1.100000e+01,5.140000e+00,0.000000e+00
8.640000e+00,-7.346682e+01,1.100000e+01,5.150000e+00,0.000000e+00
8.644000e+00,-7.343502e+01,1.100000e+01,5.160000e+00,0.000000e+00
8.650000e+00,-7.338725e+01,1.100000e+01,5.170000e+00,0.000000e+00
8.653000e+00,-7.336333e+01,1.100000e+01,5.180000e+00,0.000000e+00
8.658000e+00,-7.332343e+01,1.100000e+01,5.190000e+00,0.000000e+00
8.662000e+00,-7.329146e+01,1.100000e+01,5.200000e+00,0.000000e+00
8.666000e+00,-7.325945e+01,1.100000e+01,5.210000e+00,0.000000e+00
8.670000e+00,-7.322740e+01,1.100000e+01,5.220000e+00,0.000000e+00
8.674000e+00,-7.319532e+01,1.100000e+01,5.230000e+00,0.000000e+00
8.680000e+00,-7.314712e+01,1.100000e+01,5.240000e+00,0.000000e+00
8.684000e+00,-7.311494e+01,1.100000e+01,5.250000e+00,0.000000e+00
8.689000e+00,-7.307466e+01,1.100000e+01,5.260000e+00,0.000000e+00
8.693000e+00,-7.304240e+01,1.100000e+01,5.270000e+00,0.000000e+00
8.697000e+00,-7.301009e+01,1.100000e+01,5.280000e+00,0.000000e+00
8.702000e+00,-7.296965e+01,1.100000e+01,5.290000e+00,0.000000e+00
8.706000e+00,-7.293726e+01,1.100000e+01,5.300000e+00,0.000000e+00
8.710000e+00,-7.290483e+01,1.100000e+01,5.310000e+00,0.000000e+00
8.714000e+00,-7.287236e+01,1.100000e+01,5.320000e+00,0.000000e+00
8.719000e+00,-7.283172e+01,1.100000e+01,5.330000e+00,0.000000e+00
8.723000e+00,-7.279916e+01,1.100000e+01,5.340000e+00,0.000000e+00
8.728000e+00,-7.275840e+01,1.100000e+01,5.350000e+00,0.000000e+00
8.733000e+00,-7.271759e+01,1.100000e+01,5.360000e+00,0.000000e+00
8.737000e+00,-7.268489e+01,1.100000e+01,5.370000e+00,0.000000e+00
8.743000e+00,-7.263577e+01,1.100000e+01,5.380000e+00,0.000000e+00
8.747000e+00,-7.260297e+01,1.100000e+01,5.390000e+00,0.000000e+00
8.751000e+00,-7.257014e+01,1.100000e+01,5.400000e+00,0.000000e+00
8.755000e+00,-7.253726e+01,1.100000e+01,5.410000e+00,0.000000e+00
8.760000e+00,-7.249611e+01,1.100000e+01,5.420000e+00,0.000000e+00
8.764000e+00,-7.246314e+01,1.100000e+01,5.430000e+00,0.000000e+00
8.769000e+00,-7.242187e+01,1.100000e+01,5.440000e+00,0.000000e+00
8.774000e+00,-7.238054e+01,1.100000e+01,5.450000e+00,0.000000e+00
8.778000e+00,-7.234743e+01,1.100000e+01,5.460000e+00,0.000000e+00
8.782000e+00,-7.231428e+01,1.100000e+01,5.470000e+00,0.000000e+00
8.787000e+00,-7.227279e+01,1.100000e+01,5.480000e+00,0.000000e+00
8.790000e+00,-7.224786e+01,1.100000e+01,5.490000e+00,0.000000e+00
8.794000e+00,-7.221459e+01,1.100000e+01,5.500000e+00,0.000000e+00
8.799000e+00,-7.217294e+01,1.100000e+01,5.510000e+00,0.000000e+00
8.804000e+00,-7.213123e+01,1.100000e+01,5.520000e+00,0.000000e+00
8.808000e+00,-7.209781e+01,1.100000e+01,5.530000e+00,0.000000e+00
8.812000e+00,-7.206436e+01,1.100000e+01,5.540000e+00,0.000000e+00
8.817000e+00,-7.202247e+01,1.100000e+01,5.550000e+00,0.000000e+00
8.822000e+00,-7.198053e+01,1.100000e+01,5.560000e+00,0.000000e+00
8.826000e+00,-7.194693e+01,1.100000e+01,5.570000e+00,0.000000e+00
8.832000e+00,-7.189644e+01,1.100000e+01,5.580000e+00,0.000000e+00
8.837000e+00,-7.185430e+01,1.100000e+01,5.590000e+00,0.000000e+00
8.841000e+00,-7.182054e+01,1.100000e+01,5.600000e+00,0.000000e+00
8.845000e+00,-7.178674e+01,1.100000e+01,5.610000e+00,0.000000e+00
8.849000e+00,-7.175290e+01,1.100000e+01,5.620000e+00,0.000000e+00
8.854000e+00,-7.171054e+01,1.100000e+01,5.620000e+00,0.000000e+00
8.862000e+00,-7.164262e+01,1.100000e+01,5.620000e+00,0.000000e+00
8.866000e+00,-7.160859e+01,1.100000e+01,5.620000e+00,0.000000e+00
8.870000e+00,-7.157453e+01,1.100000e+01,5.620000e+00,0.000000e+00
8.875000e+00,-7.153188e+01,1.100000e+01,5.620000e+00,0.000000e+00
8.880000e+00,-7.148918e+01,1.100000e+01,5.620000e+00,0.000000e+00
8.884000e+00,-7.145496e+01,1.100000e+01,5.620000e+00,0.000000e+00
8.888000e+00,-7.142070e+01,1.100000e+01,5.620000e+00,0.000000e+00
8.893000e+00,-7.137782e+01,1.100000e+01,5.620000e+00,0.000000e+00
8.896000e+00,-7.135206e+01,1.100000e+01,5.620000e+00,0.000000e+00
8.900000e+00,-7.131767e+01,1.100000e+01,5.620000e+00,0.000000e+00
8.904000e+00,-7.128325e+01,1.100000e+01,5.620000e+00,0.000000e+00
8.909000e+00,-7.124015e+01,1.100000e+01,5.620000e+00,0.000000e+00
8.913000e+00,-7.120562e+01,1.100000e+01,5.620000e+00,0.000000e+00
8.917000e+00,-7.117106e+01,1.100000e+01,5.620000e+00,0.000000e+00
8.921000e+00,-7.113644e+01,1.100000e+01,5.620000e+00,0.000000e+00
8.926000e+00,-7.109312e+01,1.100000e+01,5.620000e+00,0.000000e+00
8.930000e+00,-7.105841e+01,1.100000e+01,5.620000e+00,0.000000e+00
8.935000e+00,-7.101497e+01,1.100000e+01,5.620000e+00,0.000000e+00
8.939000e+00,-7.098016e+01,1.100000e+01,5.620000e+00,0.000000e+00
8.943000e+00,-7.094531e+01,1.100000e+01,5.620000e+00,0.000000e+00
8.948000e+00,-7.090170e+01,1.100000e+01,5.620000e+00,0.000000e+00
8.952000e+00,-7.086675e+01,1.100000e+01,5.620000e+00,0.000000e+00
8.957000e+00,-7.082301e+01,1.100000e+01,5.620000e+00,0.000000e+00
8.962000e+00,-7.077920e+01,1.100000e+01,5.620000e+00,0.000000e+00
8.966000e+00,-7.074411e+01,1.100000e+01,5.620000e+00,0.000000e+00
8.970000e+00,-7.070897e+01,1.100000e+01,5.620000e+00,0.000000e+00
8.975000e+00,-7.066499e+01,1.100000e+01,5.620000e+00,0.000000e+00
8.979000e+00,-7.062976e+01,1.100000e+01,5.620000e+00,0.000000e+00
8.984000e+00,-7.058566e+01,1.100000e+01,5.620000e+00,0.000000e+00
8.987000e+00,-7.055917e+01,1.100000e+01,5.620000e+00,0.000000e+00
8.992000e+00,-7.051496e+01,1.100000e+01,5.620000e+00,0.000000e+00
8.997000e+00,-7.047069e+01,1.100000e+01,5.630000e+00,-3.000000e-03
9.006000e+00,-7.039083e+01,1.100000e+01,5.640000e+00,-6.000000e-03
9.011000e+00,-7.034637e+01,1.099999e+01,5.650000e+00,-9.000000e-03
9.015000e+00,-7.031075e+01,1.099998e+01,5.660000e+00,-1.200000e-02
9.020000e+00,-7.026617e+01,1.099996e+01,5.670000e+00,-1.500000e-02
9.025000e+00,-7.022153e+01,1.099993e+01,5.680000e+00,-1.800000e-02
9.031000e+00,-7.016787e+01,1.099987e+01,5.680000e+00,-2.100000e-02
9.037000e+00,-7.011412e+01,1.099979e+01,5.680000e+00,-2.400000e-02
9.041000e+00,-7.007823e+01,1.099972e+01,5.680000e+00,-2.700000e-02
9.047000e+00,-7.002432e+01,1.099958e+01,5.680000e+00,-3.000000e-02
9.051000e+00,-6.998833e+01,1.099948e+01,5.680000e+00,-3.300000e-02
9.055000e+00,-6.995230e+01,1.099935e+01,5.680000e+00,-3.600000e-02
9.061000e+00,-6.989817e+01,1.099912e+01,5.680000e+00,-3.900000e-02
9.066000e+00,-6.985299e+01,1.099890e+01,5.680000e+00,-4.200000e-02
9.070000e+00,-6.981680e+01,1.099869e+01,5.680000e+00,-4.500000e-02
9.075000e+00,-6.977151e+01,1.099839e+01,5.680000e+00,-4.800000e-02
9.080000e+00,-6.972615e+01,1.099806e+01,5.680000e+00,-5.100000e-02
9.084000e+00,-6.968982e+01,1.099776e+01,5.680000e+00,-5.400000e-02
9.089000e+00,-6.964434e+01,1.099733e+01,5.680000e+00,-5.700000e-02
9.095000e+00,-6.958969e+01,1.099676e+01,5.680000e+00,-6.000000e-02
9.101000e+00,-6.953495e+01,1.099611e+01,5.680000e+00,-6.300000e-02
9.105000e+00,-6.949840e+01,1.099563e+01,5.680000e+00,-6.600000e-02
9.110000e+00,-6.945266e+01,1.099498e+01,5.680000e+00,-6.900000e-02
9.115000e+00,-6.940685e+01,1.099426e+01,5.680000e+00,-7.200000e-02
9.120000e+00,-6.936099e+01,1.099348e+01,5.680000e+00,-7.500000e-02
9.124000e+00,-6.932425e+01,1.099281e+01,5.680000e+00,-7.800000e-02
9.129000e+00,-6.927827e+01,1.099190e+01,5.680000e+00,-8.100000e-02
9.135000e+00,-6.922302e+01,1.099071e+01,5.680000e+00,-8.400000e-02
9.138000e+00,-6.919536e+01,1.099007e+01,5.680000e+00,-8.700000e-02
9.143000e+00,-6.914921e+01,1.098894e+01,5.680000e+00,-9.000000e-02
9.147000e+00,-6.911225e+01,1.098798e+01,5.680000e+00,-9.300000e-02
9.152000e+00,-6.906599e+01,1.098669e+01,5.680000e+00,-9.600000e-02
9.156000e+00,-6.902894e+01,1.098560e+01,5.680000e+00,-9.900000e-02
9.160000e+00,-6.899185e+01,1.098445e+01,5.680000e+00,-1.020000e-01
9.165000e+00,-6.894544e+01,1.098292e+01,5.680000e+00,-1.050000e-01
9.170000e+00,-6.889897e+01,1.098129e+01,5.680000e+00,-1.080000e-01
9.175000e+00,-6.885244e+01,1.097956e+01,5.680000e+00,-1.110000e-01
9.180000e+00,-6.880585e+01,1.097772e+01,5.680000e+00,-1.140000e-01
9.184000e+00,-6.876854e+01,1.097617e+01,5.680000e+00,-1.170000e-01
9.189000e+00,-6.872186e+01,1.097413e+01,5.680000e+00,-1.200000e-01
9.194000e+00,-6.867511e+01,1.097197e+01,5.680000e+00,-1.230000e-01
9.199000e+00,-6.862831e+01,1.096970e+01,5.680000e+00,-1.260000e-01
9.203000e+00,-6.859084e+01,1.096778e+01,5.680000e+00,-1.290000e-01
9.207000e+00,-6.855332e+01,1.096579e+01,5.680000e+00,-1.320000e-01
9.211000e+00,-6.851578e+01,1.096371e+01,5.680000e+00,-1.350000e-01
9.214000e+00,-6.848759e+01,1.096210e+01,5.680000e+00,-1.380000e-01
9.219000e+00,-6.844058e+01,1.095930e+01,5.680000e+00,-1.410000e-01
9.223000e+00,-6.840293e+01,1.095696e+01,5.680000e+00,-1.440000e-01
9.228000e+00,-6.835583e+01,1.095391e+01,5.680000e+00,-1.470000e-01
9.233000e+00,-6.830868e+01,1.095071e+01,5.680000e+00,-1.500000e-01
9.238000e+00,-6.826148e+01,1.094736e+01,5.680000e+00,-1.530000e-01
9.242000e+00,-6.822368e+01,1.094456e+01,5.680000e+00,-1.560000e-01
9.246000e+00,-6.818585e+01,1.094167e+01,5.680000e+00,-1.590000e-01
9.249000e+00,-6.815746e+01,1.093943e+01,5.680000e+00,-1.620000e-01
9.254000e+00,-6.811011e+01,1.093557e+01,5.680000e+00,-1.650000e-01
9.260000e+00,-6.805323e+01,1.093071e+01,5.680000e+00,-1.680000e-01
9.264000e+00,-6.801528e+01,1.092734e+01,5.680000e+00,-1.710000e-01
9.269000e+00,-6.796780e+01,1.092296e+01,5.680000e+00,-1.740000e-01
9.273000e+00,-6.792978e+01,1.091933e+01,5.680000e+00,-1.770000e-01
9.283000e+00,-6.783464e+01,1.090974e+01,5.680000e+00,-1.800000e-01
9.288000e+00,-6.778701e+01,1.090467e+01,5.680000e+00,-1.830000e-01
9.292000e+00,-6.774888e+01,1.090047e+01,5.680000e+00,-1.860000e-01
9.296000e+00,-6.771072e+01,1.089615e+01,5.680000e+00,-1.890000e-01
9.301000e+00,-6.766300e+01,1.089058e+01,5.680000e+00,-1.920000e-01
9.305000e+00,-6.762480e+01,1.088597e+01,5.680000e+00,-1.950000e-01
9.309000e+00,-6.758658e+01,1.088123e+01,5.680000e+00,-1.980000e-01
9.313000e+00,-6.754834e+01,1.087636e+01,5.680000e+00,-2.010000e-01
9.317000e+00,-6.751008e+01,1.087135e+01,5.680000e+00,-2.040000e-01
9.323000e+00,-6.745266e+01,1.086358e+01,5.680000e+00,-2.070000e-01
9.327000e+00,-6.741436e+01,1.085823e+01,5.680000e+00,-2.100000e-01
9.332000e+00,-6.736646e+01,1.085133e+01,5.680000e+00,-2.130000e-01
9.337000e+00,-6.731854e+01,1.084421e+01,5.680000e+00,-2.160000e-01
9.341000e+00,-6.728019e+01,1.083835e+01,5.680000e+00,-2.190000e-01
9.346000e+00,-6.723224e+01,1.083081e+01,5.680000e+00,-2.190000e-01
9.352000e+00,-6.717467e+01,1.082145e+01,5.680000e+00,-2.190000e-01
9.357000e+00,-6.712669e+01,1.081338e+01,5.680000e+00,-2.190000e-01
9.362000e+00,-6.707868e+01,1.080508e+01,5.680000e+00,-2.190000e-01
9.366000e+00,-6.704027e+01,1.079827e+01,5.680000e+00,-2.190000e-01
9.370000e+00,-6.700185e+01,1.079131e+01,5.680000e+00,-2.190000e-01
9.375000e+00,-6.695382e+01,1.078238e+01,5.680000e+00,-2.190000e-01
9.379000e+00,-6.691539e+01,1.077507e+01,5.680000e+00,-2.190000e-01
9.385000e+00,-6.685773e+01,1.076382e+01,5.680000e+00,-2.190000e-01
9.388000e+00,-6.682890e+01,1.075806e+01,5.680000e+00,-2.190000e-01
9.393000e+00,-6.678084e+01,1.074827e+01,5.680000e+00,-2.190000e-01
9.397000e+00,-6.674240e+01,1.074027e+01,5.680000e+00,-2.190000e-01
9.402000e+00,-6.669434e+01,1.073005e+01,5.680000e+00,-2.190000e-01
9.407000e+00,-6.664627e+01,1.071958e+01,5.680000e+00,-2.190000e-01
9.412000e+00,-6.659821e+01,1.070887e+01,5.680000e+00,-2.190000e-01
9.417000e+00,-6.655016e+01,1.069792e+01,5.680000e+00,-2.190000e-01
9.421000e+00,-6.651171e+01,1.068898e+01,5.680000e+00,-2.190000e-01
9.427000e+00,-6.645405e+01,1.067528e+01,5.680000e+00,-2.190000e-01
9.430000e+00,-6.642523e+01,1.066830e+01,5.680000e+00,-2.190000e-01
9.434000e+00,-6.638679e+01,1.065885e+01,5.680000e+00,-2.190000e-01
9.438000e+00,-6.634837e+01,1.064925e+01,5.680000e+00,-2.190000e-01
9.443000e+00,-6.630035e+01,1.063703e+01,5.680000e+00,-2.190000e-01
9.448000e+00,-6.625234e+01,1.062456e+01,5.680000e+00,-2.190000e-01
9.452000e+00,-6.621394e+01,1.061440e+01,5.680000e+00,-2.190000e-01
9.456000e+00,-6.617555e+01,1.060409e+01,5.680000e+00,-2.190000e-01
9.460000e+00,-6.613717e+01,1.059362e+01,5.680000e+00,-2.190000e-01
9.465000e+00,-6.608921e+01,1.058031e+01,5.680000e+00,-2.190000e-01
9.469000e+00,-6.605085e+01,1.056949e+01,5.680000e+00,-2.190000e-01
9.473000e+00,-6.601251e+01,1.055850e+01,5.680000e+00,-2.190000e-01
9.478000e+00,-6.596460e+01,1.054455e+01,5.680000e+00,-2.190000e-01
9.483000e+00,-6.591672e+01,1.053035e+01,5.680000e+00,-2.190000e-01
9.487000e+00,-6.587842e+01,1.051881e+01,5.680000e+00,-2.190000e-01
9.492000e+00,-6.583058e+01,1.050416e+01,5.680000e+00,-2.190000e-01
9.496000e+00,-6.579233e+01,1.049226e+01,5.680000e+00,-2.190000e-01
9.500000e+00,-6.575409e+01,1.048021e+01,5.680000e+00,-2.190000e-01
9.504000e+00,-6.571587e+01,1.046799e+01,5.680000e+00,-2.190000e-01
9.508000e+00,-6.567767e+01,1.045561e+01,5.680000e+00,-2.190000e-01
9.513000e+00,-6.562995e+01,1.043992e+01,5.680000e+00,-2.190000e-01
9.518000e+00,-6.558227e+01,1.042397e+01,5.680000e+00,-2.190000e-01
9.522000e+00,-6.554414e+01,1.041104e+01,5.680000e+00,-2.190000e-01
9.527000e+00,-6.549652e+01,1.039464e+01,5.680000e+00,-2.190000e-01
9.531000e+00,-6.545844e+01,1.038135e+01,5.680000e+00,-2.190000e-01
9.535000e+00,-6.542040e+01,1.036789e+01,5.680000e+00,-2.190000e-01
9.540000e+00,-6.537288e+01,1.035084e+01,5.680000e+00,-2.190000e-01
9.545000e+00,-6.532539e+01,1.033354e+01,5.680000e+00,-2.190000e-01
9.549000e+00,-6.528744e+01,1.031952e+01,5.680000e+00,-2.190000e-01
9.554000e+00,-6.524004e+01,1.030177e+01,5.680000e+00,-2.190000e-01
9.559000e+00,-6.519268e+01,1.028377e+01,5.680000e+00,-2.190000e-01
9.563000e+00,-6.515483e+01,1.026919e+01,5.680000e+00,-2.190000e-01
9.569000e+00,-6.509811e+01,1.024702e+01,5.680000e+00,-2.190000e-01
9.575000e+00,-6.504147e+01,1.022448e+01,5.680000e+00,-2.190000e-01
9.580000e+00,-6.499432e+01,1.020542e+01,5.680000e+00,-2.190000e-01
9.584000e+00,-6.495665e+01,1.018999e+01,5.680000e+00,-2.190000e-01
9.588000e+00,-6.491900e+01,1.017440e+01,5.680000e+00,-2.190000e-01
9.592000e+00,-6.488140e+01,1.015865e+01,5.680000e+00,-2.190000e-01
9.597000e+00,-6.483444e+01,1.013874e+01,5.680000e+00,-2.190000e-01
9.601000e+00,-6.479692e+01,1.012262e+01,5.680000e+00,-2.190000e-01
9.605000e+00,-6.475944e+01,1.010635e+01,5.680000e+00,-2.190000e-01
9.609000e+00,-6.472200e+01,1.008991e+01,5.680000e+00,-2.190000e-01
9.614000e+00,-6.467525e+01,1.006914e+01,5.680000e+00,-2.190000e-01
9.619000e+00,-6.462857e+01,1.004812e+01,5.680000e+00,-2.190000e-01
9.624000e+00,-6.458196e+01,1.002684e+01,5.680000e+00,-2.190000e-01
9.629000e+00,-6.453542e+01,1.000531e+01,5.680000e+00,-2.190000e-01
9.633000e+00,-6.449823e+01,9.987906e+00,5.680000e+00,-2.190000e-01
9.638000e+00,-6.445181e+01,9.965924e+00,5.680000e+00,-2.190000e-01
9.643000e+00,-6.440547e+01,9.943690e+00,5.680000e+00,-2.190000e-01
9.646000e+00,-6.437769e+01,9.930228e+00,5.680000e+00,-2.190000e-01
9.651000e+00,-6.433147e+01,9.907591e+00,5.680000e+00,-2.190000e-01
9.655000e+00,-6.429454e+01,9.889300e+00,5.680000e+00,-2.190000e-01
9.659000e+00,-6.425767e+01,9.870847e+00,5.680000e+00,-2.190000e-01
9.664000e+00,-6.421165e+01,9.847555e+00,5.680000e+00,-2.190000e-01
9.669000e+00,-6.416571e+01,9.824011e+00,5.680000e+00,-2.190000e-01
9.673000e+00,-6.412901e+01,9.804995e+00,5.680000e+00,-2.190000e-01
9.678000e+00,-6.408322e+01,9.780999e+00,5.680000e+00,-2.190000e-01
9.682000e+00,-6.404665e+01,9.761621e+00,5.680000e+00,-2.190000e-01
9.687000e+00,-6.400102e+01,9.737173e+00,5.680000e+00,-2.190000e-01
9.692000e+00,-6.395547e+01,9.712474e+00,5.680000e+00,-2.190000e-01
9.698000e+00,-6.390094e+01,9.682503e+00,5.680000e+00,-2.190000e-01
9.702000e+00,-6.386465e+01,9.662323e+00,5.680000e+00,-2.190000e-01
9.707000e+00,-6.381938e+01,9.636871e+00,5.680000e+00,-2.190000e-01
9.712000e+00,-6.377421e+01,9.611170e+00,5.680000e+00,-2.190000e-01
9.716000e+00,-6.373813e+01,9.590428e+00,5.680000e+00,-2.190000e-01
9.721000e+00,-6.369313e+01,9.564277e+00,5.680000e+00,-2.190000e-01
9.727000e+00,-6.363926e+01,9.532566e+00,5.680000e+00,-2.190000e-01
9.732000e+00,-6.359449e+01,9.505865e+00,5.680000e+00,-2.190000e-01
9.736000e+00,-6.355874e+01,9.484326e+00,5.680000e+00,-2.190000e-01
9.741000e+00,-6.351414e+01,9.457177e+00,5.680000e+00,-2.190000e-01
9.745000e+00,-6.347855e+01,9.435280e+00,5.680000e+00,-2.160000e-01
9.751000e+00,-6.342528e+01,9.402137e+00,5.680000e+00,-2.130000e-01
9.756000e+00,-6.338101e+01,9.374250e+00,5.680000e+00,-2.100000e-01
9.761000e+00,-6.333684e+01,9.346123e+00,5.680000e+00,-2.070000e-01
9.765000e+00,-6.330158e+01,9.323451e+00,5.680000e+00,-2.040000e-01
9.770000e+00,-6.325760e+01,9.294901e+00,5.680000e+00,-2.010000e-01
9.774000e+00,-6.322250e+01,9.271895e+00,5.680000e+00,-1.980000e-01
9.778000e+00,-6.318745e+01,9.248745e+00,5.680000e+00,-1.950000e-01
9.782000e+00,-6.315248e+01,9.225452e+00,5.680000e+00,-1.920000e-01
9.788000e+00,-6.310013e+01,9.190249e+00,5.680000e+00,-1.890000e-01
9.792000e+00,-6.306532e+01,9.166607e+00,5.680000e+00,-1.860000e-01
9.797000e+00,-6.302189e+01,9.136864e+00,5.680000e+00,-1.830000e-01
9.803000e+00,-6.296990e+01,9.100896e+00,5.680000e+00,-1.800000e-01
9.808000e+00,-6.292669e+01,9.070695e+00,5.680000e+00,-1.770000e-01
9.813000e+00,-6.288357e+01,9.040292e+00,5.680000e+00,-1.740000e-01
9.819000e+00,-6.283196e+01,9.003546e+00,5.680000e+00,-1.710000e-01
9.824000e+00,-6.278905e+01,8.972708e+00,5.680000e+00,-1.680000e-01
9.828000e+00,-6.275479e+01,8.947899e+00,5.680000e+00,-1.650000e-01
9.833000e+00,-6.271205e+01,8.916717e+00,5.680000e+00,-1.620000e-01
9.838000e+00,-6.266940e+01,8.885349e+00,5.680000e+00,-1.590000e-01
9.843000e+00,-6.262684e+01,8.853798e+00,5.680000e+00,-1.560000e-01
9.847000e+00,-6.259286e+01,8.828428e+00,5.680000e+00,-1.530000e-01
9.852000e+00,-6.255046e+01,8.796557e+00,5.680000e+00,-1.500000e-01
9.857000e+00,-6.250814e+01,8.764512e+00,5.680000e+00,-1.470000e-01
9.861000e+00,-6.247435e+01,8.738754e+00,5.680000e+00,-1.440000e-01
9.866000e+00,-6.243218e+01,8.706407e+00,5.680000e+00,-1.410000e-01
9.870000e+00,-6.239851e+01,8.680411e+00,5.680000e+00,-1.380000e-01
9.874000e+00,-6.236488e+01,8.654312e+00,5.680000e+00,-1.350000e-01
9.877000e+00,-6.233970e+01,8.634672e+00,5.680000e+00,-1.320000e-01
9.882000e+00,-6.229778e+01,8.601815e+00,5.680000e+00,-1.290000e-01
9.887000e+00,-6.225594e+01,8.568807e+00,5.680000e+00,-1.260000e-01
9.891000e+00,-6.222252e+01,8.542294e+00,5.680000e+00,-1.230000e-01
9.895000e+00,-6.218915e+01,8.515689e+00,5.680000e+00,-1.200000e-01
9.900000e+00,-6.214749e+01,8.482304e+00,5.680000e+00,-1.170000e-01
9.904000e+00,-6.211421e+01,8.455497e+00,5.680000e+00,-1.140000e-01
9.908000e+00,-6.208097e+01,8.428602e+00,5.680000e+00,-1.110000e-01
9.912000e+00,-6.204778e+01,8.401623e+00,5.680000e+00,-1.080000e-01
9.916000e+00,-6.201462e+01,8.374561e+00,5.680000e+00,-1.050000e-01
9.921000e+00,-6.197323e+01,8.340620e+00,5.680000e+00,-1.020000e-01
9.925000e+00,-6.194015e+01,8.313378e+00,5.680000e+00,-9.900000e-02
9.930000e+00,-6.189886e+01,8.279218e+00,5.680000e+00,-9.600000e-02
9.935000e+00,-6.185762e+01,8.244940e+00,5.680000e+00,-9.300000e-02
9.939000e+00,-6.182467e+01,8.217435e+00,5.680000e+00,-9.000000e-02
9.943000e+00,-6.179175e+01,8.189860e+00,5.680000e+00,-8.700000e-02
9.947000e+00,-6.175885e+01,8.162215e+00,5.680000e+00,-8.400000e-02
9.952000e+00,-6.171778e+01,8.127564e+00,5.680000e+00,-8.100000e-02
9.955000e+00,-6.169316e+01,8.106724e+00,5.680000e+00,-7.800000e-02
9.960000e+00,-6.165215e+01,8.071912e+00,5.680000e+00,-7.500000e-02
9.964000e+00,-6.161937e+01,8.043993e+00,5.680000e+00,-7.200000e-02
9.969000e+00,-6.157843e+01,8.009010e+00,5.680000e+00,-6.900000e-02
9.975000e+00,-6.152934e+01,7.966912e+00,5.680000e+00,-6.600000e-02
9.980000e+00,-6.148847e+01,7.931735e+00,5.680000e+00,-6.300000e-02
9.984000e+00,-6.145580e+01,7.903532e+00,5.680000e+00,-6.000000e-02
9.989000e+00,-6.141498e+01,7.868205e+00,5.680000e+00,-5.700000e-02
9.993000e+00,-6.138234e+01,7.839887e+00,5.680000e+00,-5.400000e-02
9.997000e+00,-6.134972e+01,7.811521e+00,5.680000e+00,-5.100000e-02
1.000100e+01,-6.131712e+01,7.783108e+00,5.680000e+00,-4.800000e-02
1.000600e+01,-6.127637e+01,7.747530e+00,5.680000e+00,-4.500000e-02
1.001100e+01,-6.123564e+01,7.711885e+00,5.680000e+00,-4.200000e-02
1.001500e+01,-6.120307e+01,7.683324e+00,5.680000e+00,-3.900000e-02
1.001900e+01,-6.117050e+01,7.654723e+00,5.680000e+00,-3.600000e-02
1.002400e+01,-6.112980e+01,7.618921e+00,5.680000e+00,-3.300000e-02
1.002900e+01,-6.108911e+01,7.583064e+00,5.680000e+00,-3.000000e-02
1.003300e+01,-6.105656e+01,7.554341e+00,5.680000e+00,-2.700000e-02
1.003800e+01,-6.101587e+01,7.518394e+00,5.680000e+00,-2.400000e-02
1.004200e+01,-6.098332e+01,7.489603e+00,5.680000e+00,-2.100000e-02
1.004600e+01,-6.095076e+01,7.460785e+00,5.680000e+00,-1.800000e-02
1.005000e+01,-6.091820e+01,7.431941e+00,5.680000e+00,-1.500000e-02
1.005400e+01,-6.088564e+01,7.403073e+00,5.680000e+00,-1.200000e-02
1.005900e+01,-6.084493e+01,7.366959e+00,5.680000e+00,-9.000000e-03
1.006300e+01,-6.081235e+01,7.338045e+00,5.680000e+00,-6.000000e-03
1.006700e+01,-6.077975e+01,7.309113e+00,5.680000e+00,-3.000000e-03
1.007100e+01,-6.074715e+01,7.280165e+00,5.680000e+00,1.994932e-17
1.007600e+01,-6.070638e+01,7.243960e+00,5.680000e+00,3.000000e-03
1.008000e+01,-6.067374e+01,7.214983e+00,5.680000e+00,6.000000e-03
1.008400e+01,-6.064109e+01,7.185995e+00,5.680000e+00,9.000000e-03
1.008800e+01,-6.060842e+01,7.156999e+00,5.680000e+00,1.200000e-02
1.009300e+01,-6.056755e+01,7.120746e+00,5.680000e+00,1.500000e-02
1.009600e+01,-6.054302e+01,7.098990e+00,5.680000e+00,1.500000e-02
1.010200e+01,-6.049391e+01,7.055474e+00,5.680000e+00,1.500000e-02
1.010900e+01,-6.043655e+01,7.004696e+00,5.680000e+00,1.500000e-02
1.011400e+01,-6.039554e+01,6.968420e+00,5.680000e+00,1.500000e-02
1.011700e+01,-6.037091e+01,6.946652e+00,5.680000e+00,1.500000e-02
1.012200e+01,-6.032984e+01,6.910369e+00,5.680000e+00,1.500000e-02
1.012500e+01,-6.030518e+01,6.888598e+00,5.680000e+00,1.500000e-02
1.012900e+01,-6.027229e+01,6.859566e+00,5.680000e+00,1.500000e-02
1.013300e+01,-6.023937e+01,6.830532e+00,5.680000e+00,1.500000e-02
1.013700e+01,-6.020643e+01,6.801495e+00,5.680000e+00,1.500000e-02
1.014300e+01,-6.015697e+01,6.757934e+00,5.680000e+00,1.500000e-02
1.014600e+01,-6.013223e+01,6.736152e+00,5.680000e+00,1.500000e-02
1.015100e+01,-6.009095e+01,6.699845e+00,5.680000e+00,1.500000e-02
1.015600e+01,-6.004965e+01,6.663534e+00,5.680000e+00,1.500000e-02
1.015900e+01,-6.002485e+01,6.641746e+00,5.680000e+00,1.500000e-02
1.016400e+01,-5.998349e+01,6.605429e+00,5.680000e+00,1.500000e-02
1.016700e+01,-5.995866e+01,6.583637e+00,5.680000e+00,1.500000e-02
1.017200e+01,-5.991724e+01,6.547315e+00,5.680000e+00,1.500000e-02
1.017600e+01,-5.988408e+01,6.518255e+00,5.680000e+00,1.500000e-02
1.018000e+01,-5.985090e+01,6.489192e+00,5.680000e+00,1.500000e-02
1.018500e+01,-5.980940e+01,6.452861e+00,5.680000e+00,1.500000e-02
1.018800e+01,-5.978448e+01,6.431061e+00,5.680000e+00,1.500000e-02
1.019300e+01,-5.974292e+01,6.394725e+00,5.680000e+00,1.500000e-02
1.019800e+01,-5.970133e+01,6.358387e+00,5.680000e+00,1.500000e-02
1.020200e+01,-5.966803e+01,6.329313e+00,5.680000e+00,1.500000e-02
1.020600e+01,-5.963471e+01,6.300239e+00,5.680000e+00,1.500000e-02
1.020900e+01,-5.960970e+01,6.278431e+00,5.680000e+00,1.500000e-02
1.021400e+01,-5.956800e+01,6.242084e+00,5.680000e+00,1.500000e-02
1.021900e+01,-5.952626e+01,6.205733e+00,5.680000e+00,1.500000e-02
1.022300e+01,-5.949285e+01,6.176651e+00,5.680000e+00,1.800000e-02
1.022900e+01,-5.944269e+01,6.133028e+00,5.680000e+00,2.100000e-02
1.023300e+01,-5.940922e+01,6.103946e+00,5.680000e+00,2.400000e-02
1.023700e+01,-5.937573e+01,6.074868e+00,5.680000e+00,2.700000e-02
1.024200e+01,-5.933382e+01,6.038529e+00,5.680000e+00,3.000000e-02
1.024700e+01,-5.929187e+01,6.002200e+00,5.680000e+00,3.300000e-02
1.025000e+01,-5.926667e+01,5.980410e+00,5.680000e+00,3.600000e-02
1.025500e+01,-5.922464e+01,5.944108e+00,5.680000e+00,3.900000e-02
1.025800e+01,-5.919940e+01,5.922337e+00,5.680000e+00,4.200000e-02
1.026200e+01,-5.916571e+01,5.893322e+00,5.680000e+00,4.500000e-02
1.026700e+01,-5.912354e+01,5.857078e+00,5.680000e+00,4.800000e-02
1.027000e+01,-5.909821e+01,5.835346e+00,5.680000e+00,5.100000e-02
1.027600e+01,-5.904749e+01,5.791921e+00,5.680000e+00,5.400000e-02
1.028000e+01,-5.901362e+01,5.763000e+00,5.680000e+00,5.700000e-02
1.028300e+01,-5.898819e+01,5.741326e+00,5.680000e+00,6.000000e-02
1.028800e+01,-5.894575e+01,5.705238e+00,5.680000e+00,6.300000e-02
1.029200e+01,-5.891174e+01,5.676402e+00,5.680000e+00,6.600000e-02
1.029600e+01,-5.887769e+01,5.647599e+00,5.680000e+00,6.900000e-02
1.030000e+01,-5.884358e+01,5.618830e+00,5.680000e+00,7.200000e-02
1.030300e+01,-5.881797e+01,5.597277e+00,5.680000e+00,7.500000e-02
1.030700e+01,-5.878377e+01,5.568574e+00,5.680000e+00,7.800000e-02
1.031200e+01,-5.874095e+01,5.532753e+00,5.680000e+00,8.100000e-02
1.031600e+01,-5.870662e+01,5.504144e+00,5.680000e+00,8.400000e-02
1.032100e+01,-5.866364e+01,5.468448e+00,5.680000e+00,8.700000e-02
1.032500e+01,-5.862918e+01,5.439945e+00,5.680000e+00,9.000000e-02
1.032900e+01,-5.859466e+01,5.411491e+00,5.680000e+00,9.300000e-02
1.033300e+01,-5.856008e+01,5.383090e+00,5.680000e+00,9.600000e-02
1.033700e+01,-5.852543e+01,5.354743e+00,5.680000e+00,9.900000e-02
1.034100e+01,-5.849071e+01,5.326452e+00,5.680000e+00,1.020000e-01
1.034600e+01,-5.844722e+01,5.291172e+00,5.680000e+00,1.050000e-01
1.035000e+01,-5.841235e+01,5.263018e+00,5.680000e+00,1.080000e-01
1.035400e+01,-5.837741e+01,5.234926e+00,5.680000e+00,1.110000e-01
1.035900e+01,-5.833363e+01,5.199905e+00,5.680000e+00,1.140000e-01
1.036300e+01,-5.829853e+01,5.171965e+00,5.680000e+00,1.170000e-01
1.036700e+01,-5.826334e+01,5.144096e+00,5.680000e+00,1.200000e-01
1.037100e+01,-5.822808e+01,5.116300e+00,5.680000e+00,1.230000e-01
1.037600e+01,-5.818390e+01,5.081661e+00,5.680000e+00,1.260000e-01
1.038000e+01,-5.814846e+01,5.054037e+00,5.680000e+00,1.290000e-01
1.038300e+01,-5.812183e+01,5.033372e+00,5.680000e+00,1.320000e-01
1.038800e+01,-5.807733e+01,4.999035e+00,5.680000e+00,1.350000e-01
1.039200e+01,-5.804164e+01,4.971660e+00,5.680000e+00,1.380000e-01
1.039700e+01,-5.799691e+01,4.937566e+00,5.680000e+00,1.410000e-01
1.040100e+01,-5.796102e+01,4.910393e+00,5.680000e+00,1.410000e-01
1.040700e+01,-5.790703e+01,4.869805e+00,5.680000e+00,1.410000e-01
1.041300e+01,-5.785284e+01,4.829426e+00,5.680000e+00,1.410000e-01
1.041700e+01,-5.781660e+01,4.802623e+00,5.680000e+00,1.410000e-01
1.042200e+01,-5.777118e+01,4.769250e+00,5.680000e+00,1.410000e-01
1.042700e+01,-5.772563e+01,4.736025e+00,5.680000e+00,1.410000e-01
1.043100e+01,-5.768909e+01,4.709550e+00,5.680000e+00,1.410000e-01
1.043600e+01,-5.764329e+01,4.676590e+00,5.680000e+00,1.410000e-01
1.044000e+01,-5.760655e+01,4.650329e+00,5.680000e+00,1.410000e-01
1.044400e+01,-5.756973e+01,4.624164e+00,5.680000e+00,1.410000e-01
1.044900e+01,-5.752359e+01,4.591591e+00,5.680000e+00,1.410000e-01
1.045300e+01,-5.748657e+01,4.565642e+00,5.680000e+00,1.410000e-01
1.045800e+01,-5.744019e+01,4.533341e+00,5.680000e+00,1.410000e-01
1.046200e+01,-5.740298e+01,4.507609e+00,5.680000e+00,1.410000e-01
1.046600e+01,-5.736569e+01,4.481974e+00,5.680000e+00,1.410000e-01
1.047100e+01,-5.731896e+01,4.450068e+00,5.680000e+00,1.410000e-01
1.047500e+01,-5.728149e+01,4.424653e+00,5.680000e+00,1.410000e-01
1.048000e+01,-5.723452e+01,4.393023e+00,5.680000e+00,1.410000e-01
1.048500e+01,-5.718743e+01,4.361547e+00,5.680000e+00,1.410000e-01
1.049000e+01,-5.714020e+01,4.330226e+00,5.680000e+00,1.410000e-01
1.049400e+01,-5.710233e+01,4.305282e+00,5.680000e+00,1.410000e-01
1.049900e+01,-5.705487e+01,4.274241e+00,5.680000e+00,1.410000e-01
1.050400e+01,-5.700729e+01,4.243358e+00,5.680000e+00,1.410000e-01
1.050800e+01,-5.696913e+01,4.218764e+00,5.680000e+00,1.410000e-01
1.051300e+01,-5.692132e+01,4.188164e+00,5.680000e+00,1.410000e-01
1.051800e+01,-5.687338e+01,4.157722e+00,5.680000e+00,1.410000e-01
1.052200e+01,-5.683494e+01,4.133483e+00,5.680000e+00,1.410000e-01
1.052700e+01,-5.678677e+01,4.103328e+00,5.680000e+00,1.410000e-01
1.053200e+01,-5.673848e+01,4.073334e+00,5.680000e+00,1.410000e-01
1.053600e+01,-5.669976e+01,4.049454e+00,5.680000e+00,1.440000e-01
1.054100e+01,-5.665124e+01,4.019750e+00,5.680000e+00,1.470000e-01
1.054600e+01,-5.660260e+01,3.990214e+00,5.680000e+00,1.500000e-01
1.055000e+01,-5.656360e+01,3.966708e+00,5.680000e+00,1.530000e-01
1.055500e+01,-5.651473e+01,3.937485e+00,5.680000e+00,1.560000e-01
1.056000e+01,-5.646572e+01,3.908441e+00,5.680000e+00,1.590000e-01
1.056600e+01,-5.640674e+01,3.873833e+00,5.680000e+00,1.620000e-01
1.056900e+01,-5.637718e+01,3.856631e+00,5.680000e+00,1.650000e-01
1.057400e+01,-5.632780e+01,3.828116e+00,5.680000e+00,1.680000e-01
1.057800e+01,-5.628819e+01,3.805446e+00,5.680000e+00,1.710000e-01
1.058200e+01,-5.624850e+01,3.782906e+00,5.680000e+00,1.740000e-01
1.058700e+01,-5.619876e+01,3.754918e+00,5.680000e+00,1.770000e-01
1.059000e+01,-5.616885e+01,3.738227e+00,5.680000e+00,1.800000e-01
1.059600e+01,-5.610886e+01,3.705078e+00,5.680000e+00,1.830000e-01
1.060200e+01,-5.604868e+01,3.672248e+00,5.680000e+00,1.860000e-01
1.060700e+01,-5.599836e+01,3.645138e+00,5.680000e+00,1.890000e-01
1.061100e+01,-5.595800e+01,3.623616e+00,5.680000e+00,1.920000e-01
1.061600e+01,-5.590742e+01,3.596926e+00,5.680000e+00,1.950000e-01
1.062000e+01,-5.586684e+01,3.575747e+00,5.680000e+00,1.980000e-01
1.062400e+01,-5.582618e+01,3.554725e+00,5.680000e+00,2.010000e-01
1.063000e+01,-5.576499e+01,3.523492e+00,5.680000e+00,2.040000e-01
1.063600e+01,-5.570359e+01,3.492627e+00,5.680000e+00,2.070000e-01
1.063900e+01,-5.567281e+01,3.477335e+00,5.680000e+00,2.100000e-01
1.064400e+01,-5.562138e+01,3.452060e+00,5.680000e+00,2.130000e-01
1.064900e+01,-5.556981e+01,3.427056e+00,5.680000e+00,2.160000e-01
1.065300e+01,-5.552843e+01,3.407250e+00,5.680000e+00,2.190000e-01
1.065900e+01,-5.546618e+01,3.377879e+00,5.680000e+00,2.220000e-01
1.066400e+01,-5.541414e+01,3.353718e+00,5.680000e+00,2.250000e-01
1.066700e+01,-5.538284e+01,3.339360e+00,5.680000e+00,2.280000e-01
1.067200e+01,-5.533055e+01,3.315668e+00,5.680000e+00,2.280000e-01
1.067800e+01,-5.526759e+01,3.287633e+00,5.680000e+00,2.280000e-01
1.068200e+01,-5.522550e+01,3.269184e+00,5.680000e+00,2.280000e-01
1.068700e+01,-5.517275e+01,3.246394e+00,5.680000e+00,2.280000e-01
1.069100e+01,-5.513044e+01,3.228380e+00,5.680000e+00,2.280000e-01
1.069500e+01,-5.508803e+01,3.210561e+00,5.680000e+00,2.280000e-01
1.070100e+01,-5.502424e+01,3.184198e+00,5.680000e+00,2.280000e-01
1.070600e+01,-5.497093e+01,3.162565e+00,5.680000e+00,2.280000e-01
1.071000e+01,-5.492818e+01,3.145480e+00,5.680000e+00,2.280000e-01
1.071400e+01,-5.488533e+01,3.128592e+00,5.680000e+00,2.280000e-01
1.071900e+01,-5.483165e+01,3.107760e+00,5.680000e+00,2.280000e-01
1.072300e+01,-5.478860e+01,3.091318e+00,5.680000e+00,2.280000e-01
1.072800e+01,-5.473467e+01,3.071044e+00,5.680000e+00,2.280000e-01
1.073300e+01,-5.468060e+01,3.051083e+00,5.680000e+00,2.280000e-01
1.073700e+01,-5.463725e+01,3.035338e+00,5.680000e+00,2.280000e-01
1.074100e+01,-5.459382e+01,3.019795e+00,5.680000e+00,2.280000e-01
1.074500e+01,-5.455030e+01,3.004453e+00,5.680000e+00,2.280000e-01
1.074900e+01,-5.450670e+01,2.989312e+00,5.680000e+00,2.280000e-01
1.075300e+01,-5.446301e+01,2.974374e+00,5.680000e+00,2.280000e-01
1.075700e+01,-5.441925e+01,2.959638e+00,5.680000e+00,2.280000e-01
1.076100e+01,-5.437541e+01,2.945105e+00,5.680000e+00,2.280000e-01
1.076500e+01,-5.433148e+01,2.930777e+00,5.680000e+00,2.280000e-01
1.077000e+01,-5.427647e+01,2.913153e+00,5.680000e+00,2.280000e-01
1.077500e+01,-5.422134e+01,2.895849e+00,5.680000e+00,2.280000e-01
1.077900e+01,-5.417715e+01,2.882237e+00,5.680000e+00,2.280000e-01
1.078300e+01,-5.413288e+01,2.868830e+00,5.680000e+00,2.280000e-01
1.078800e+01,-5.407745e+01,2.852362e+00,5.680000e+00,2.280000e-01
1.079200e+01,-5.403302e+01,2.839421e+00,5.680000e+00,2.280000e-01
1.079600e+01,-5.398852e+01,2.826686e+00,5.680000e+00,2.280000e-01
1.080000e+01,-5.394395e+01,2.814160e+00,5.680000e+00,2.310000e-01
1.080500e+01,-5.388813e+01,2.798796e+00,5.680000e+00,2.340000e-01
1.081100e+01,-5.382102e+01,2.780799e+00,5.680000e+00,2.370000e-01
1.081600e+01,-5.376497e+01,2.766173e+00,5.680000e+00,2.400000e-01
1.082000e+01,-5.372005e+01,2.754719e+00,5.680000e+00,2.430000e-01
1.082400e+01,-5.367507e+01,2.743488e+00,5.680000e+00,2.460000e-01
1.082900e+01,-5.361875e+01,2.729769e+00,5.680000e+00,2.490000e-01
1.083300e+01,-5.357362e+01,2.719051e+00,5.680000e+00,2.520000e-01
1.083800e+01,-5.351711e+01,2.705983e+00,5.680000e+00,2.550000e-01
1.084400e+01,-5.344917e+01,2.690791e+00,5.680000e+00,2.580000e-01
1.084800e+01,-5.340379e+01,2.680963e+00,5.680000e+00,2.610000e-01
1.085300e+01,-5.334698e+01,2.669022e+00,5.680000e+00,2.640000e-01
1.085700e+01,-5.330147e+01,2.659747e+00,5.680000e+00,2.670000e-01
1.086200e+01,-5.324449e+01,2.648507e+00,5.680000e+00,2.700000e-01
1.086700e+01,-5.318741e+01,2.637664e+00,5.680000e+00,2.730000e-01
1.087200e+01,-5.313025e+01,2.627226e+00,5.680000e+00,2.760000e-01
1.087700e+01,-5.307299e+01,2.617196e+00,5.680000e+00,2.790000e-01
1.088100e+01,-5.302712e+01,2.609471e+00,5.680000e+00,2.790000e-01
1.088700e+01,-5.295822e+01,2.598385e+00,5.680000e+00,2.790000e-01
1.089200e+01,-5.290071e+01,2.589608e+00,5.680000e+00,2.790000e-01
1.089600e+01,-5.285465e+01,2.582889e+00,5.680000e+00,2.790000e-01
1.090200e+01,-5.278546e+01,2.573316e+00,5.680000e+00,2.790000e-01
1.090700e+01,-5.272772e+01,2.565802e+00,5.680000e+00,2.790000e-01
1.091100e+01,-5.268148e+01,2.560095e+00,5.680000e+00,2.790000e-01
1.091500e+01,-5.263520e+01,2.554659e+00,5.680000e+00,2.790000e-01
1.092000e+01,-5.257729e+01,2.548245e+00,5.680000e+00,2.790000e-01
1.092400e+01,-5.253092e+01,2.543420e+00,5.680000e+00,2.790000e-01
1.092900e+01,-5.247290e+01,2.537771e+00,5.680000e+00,2.790000e-01
1.093300e+01,-5.242645e+01,2.533557e+00,5.680000e+00,2.790000e-01
1.093800e+01,-5.236834e+01,2.528675e+00,5.680000e+00,2.790000e-01
1.094300e+01,-5.231017e+01,2.524219e+00,5.680000e+00,2.790000e-01
1.094800e+01,-5.225196e+01,2.520190e+00,5.680000e+00,2.790000e-01
1.095200e+01,-5.220536e+01,2.517275e+00,5.680000e+00,2.790000e-01
1.095700e+01,-5.214707e+01,2.514017e+00,5.680000e+00,2.790000e-01
1.096100e+01,-5.210042e+01,2.511719e+00,5.680000e+00,2.790000e-01
1.096500e+01,-5.205374e+01,2.509696e+00,5.680000e+00,2.790000e-01
1.096900e+01,-5.200704e+01,2.507948e+00,5.680000e+00,2.790000e-01
1.097300e+01,-5.196032e+01,2.506475e+00,5.680000e+00,2.790000e-01
1.097800e+01,-5.190190e+01,2.505021e+00,5.680000e+00,2.790000e-01
1.098200e+01,-5.185514e+01,2.504168e+00,5.680000e+00,2.790000e-01
1.098600e+01,-5.180837e+01,2.503590e+00,5.680000e+00,2.790000e-01
1.099100e+01,-5.174989e+01,2.503257e+00,5.680000e+00,2.790000e-01
1.099600e+01,-5.169140e+01,2.503355e+00,5.680000e+00,2.790000e-01
1.100100e+01,-5.163289e+01,2.503885e+00,5.680000e+00,2.790000e-01
1.100500e+01,-5.158608e+01,2.504621e+00,5.680000e+00,2.790000e-01
1.101100e+01,-5.151585e+01,2.506243e+00,5.680000e+00,2.790000e-01
1.101600e+01,-5.145733e+01,2.508071e+00,5.680000e+00,2.790000e-01
1.102000e+01,-5.141051e+01,2.509845e+00,5.680000e+00,2.790000e-01
1.102400e+01,-5.136369e+01,2.511896e+00,5.680000e+00,2.790000e-01
1.102800e+01,-5.131688e+01,2.514224e+00,5.680000e+00,2.790000e-01
1.103300e+01,-5.125837e+01,2.517525e+00,5.680000e+00,2.790000e-01
1.103700e+01,-5.121157e+01,2.520478e+00,5.680000e+00,2.790000e-01
1.104000e+01,-5.117648e+01,2.522875e+00,5.680000e+00,2.790000e-01
1.104600e+01,-5.110631e+01,2.528136e+00,5.680000e+00,2.790000e-01
1.104900e+01,-5.107124e+01,2.531002e+00,5.680000e+00,2.790000e-01
1.105400e+01,-5.101280e+01,2.536124e+00,5.680000e+00,2.790000e-01
1.105800e+01,-5.096607e+01,2.540534e+00,5.680000e+00,2.790000e-01
1.106200e+01,-5.091936e+01,2.545222e+00,5.680000e+00,2.790000e-01
1.106600e+01,-5.087266e+01,2.550188e+00,5.680000e+00,2.790000e-01
1.107000e+01,-5.082599e+01,2.555431e+00,5.680000e+00,2.790000e-01
1.107500e+01,-5.076768e+01,2.562375e+00,5.680000e+00,2.790000e-01
1.108000e+01,-5.070941e+01,2.569753e+00,5.680000e+00,2.790000e-01
1.108400e+01,-5.066283e+01,2.575967e+00,5.680000e+00,2.790000e-01
1.108800e+01,-5.061627e+01,2.582459e+00,5.680000e+00,2.790000e-01
1.109300e+01,-5.055812e+01,2.590964e+00,5.680000e+00,2.790000e-01
1.109700e+01,-5.051164e+01,2.598080e+00,5.680000e+00,2.790000e-01
1.110300e+01,-5.044198e+01,2.609274e+00,5.680000e+00,2.790000e-01
1.111000e+01,-5.036081e+01,2.623120e+00,5.680000e+00,2.790000e-01
1.111500e+01,-5.030291e+01,2.633529e+00,5.680000e+00,2.790000e-01
1.111800e+01,-5.026820e+01,2.639982e+00,5.680000e+00,2.790000e-01
1.112300e+01,-5.021041e+01,2.651082e+00,5.680000e+00,2.790000e-01
1.112700e+01,-5.016423e+01,2.660273e+00,5.680000e+00,2.790000e-01
1.113100e+01,-5.011809e+01,2.669740e+00,5.680000e+00,2.790000e-01
1.113500e+01,-5.007200e+01,2.679483e+00,5.680000e+00,2.790000e-01
1.114000e+01,-5.001446e+01,2.692049e+00,5.680000e+00,2.790000e-01
1.114500e+01,-4.995700e+01,2.705046e+00,5.680000e+00,2.790000e-01
1.114900e+01,-4.991110e+01,2.715752e+00,5.680000e+00,2.790000e-01
1.115300e+01,-4.986525e+01,2.726734e+00,5.680000e+00,2.790000e-01
1.115700e+01,-4.981946e+01,2.737990e+00,5.680000e+00,2.790000e-01
1.116100e+01,-4.977373e+01,2.749520e+00,5.680000e+00,2.790000e-01
1.116500e+01,-4.972806e+01,2.761325e+00,5.680000e+00,2.790000e-01
1.116900e+01,-4.968246e+01,2.773403e+00,5.680000e+00,2.790000e-01
1.117300e+01,-4.963692e+01,2.785755e+00,5.680000e+00,2.790000e-01
1.117800e+01,-4.958009e+01,2.801578e+00,5.680000e+00,2.790000e-01
1.118200e+01,-4.953470e+01,2.814544e+00,5.680000e+00,2.790000e-01
1.118600e+01,-4.948938e+01,2.827782e+00,5.680000e+00,2.790000e-01
1.119100e+01,-4.943283e+01,2.844713e+00,5.680000e+00,2.790000e-01
1.119500e+01,-4.938768e+01,2.858563e+00,5.680000e+00,2.790000e-01
1.120000e+01,-4.933134e+01,2.876257e+00,5.680000e+00,2.790000e-01
1.120400e+01,-4.928636e+01,2.890717e+00,5.680000e+00,2.790000e-01
1.120800e+01,-4.924146e+01,2.905447e+00,5.680000e+00,2.790000e-01
1.121200e+01,-4.919664e+01,2.920448e+00,5.680000e+00,2.790000e-01
1.121600e+01,-4.915190e+01,2.935718e+00,5.680000e+00,2.790000e-01
1.122100e+01,-4.909609e+01,2.955185e+00,5.680000e+00,2.790000e-01
1.122600e+01,-4.904042e+01,2.975071e+00,5.680000e+00,2.790000e-01
1.123000e+01,-4.899599e+01,2.991281e+00,5.680000e+00,2.790000e-01
1.123400e+01,-4.895164e+01,3.007760e+00,5.680000e+00,2.790000e-01
1.123900e+01,-4.889634e+01,3.028734e+00,5.680000e+00,2.790000e-01
1.124400e+01,-4.884119e+01,3.050124e+00,5.680000e+00,2.790000e-01
1.124800e+01,-4.879717e+01,3.067535e+00,5.680000e+00,2.790000e-01
1.125300e+01,-4.874229e+01,3.089673e+00,5.680000e+00,2.790000e-01
1.125700e+01,-4.869849e+01,3.107682e+00,5.680000e+00,2.790000e-01
1.126100e+01,-4.865480e+01,3.125954e+00,5.680000e+00,2.790000e-01
1.126700e+01,-4.858945e+01,3.153858e+00,5.680000e+00,2.790000e-01
1.127000e+01,-4.855687e+01,3.168032e+00,5.680000e+00,2.790000e-01
1.127500e+01,-4.850269e+01,3.191983e+00,5.680000e+00,2.790000e-01
1.127800e+01,-4.847027e+01,3.206550e+00,5.680000e+00,2.790000e-01
1.128200e+01,-4.842713e+01,3.226202e+00,5.680000e+00,2.790000e-01
1.128600e+01,-4.838411e+01,3.246114e+00,5.680000e+00,2.790000e-01
1.129100e+01,-4.833049e+01,3.271370e+00,5.680000e+00,2.790000e-01
1.129600e+01,-4.827705e+01,3.297032e+00,5.680000e+00,2.790000e-01
1.130100e+01,-4.822380e+01,3.323098e+00,5.680000e+00,2.790000e-01
1.130500e+01,-4.818132e+01,3.344241e+00,5.680000e+00,2.790000e-01
1.130900e+01,-4.813897e+01,3.365642e+00,5.680000e+00,2.790000e-01
1.131400e+01,-4.808621e+01,3.392753e+00,5.680000e+00,2.790000e-01
1.131800e+01,-4.804413e+01,3.414730e+00,5.680000e+00,2.790000e-01
1.132300e+01,-4.799172e+01,3.442559e+00,5.680000e+00,2.790000e-01
1.132700e+01,-4.794993e+01,3.465109e+00,5.680000e+00,2.790000e-01
1.133200e+01,-4.789788e+01,3.493652e+00,5.680000e+00,2.790000e-01
1.133600e+01,-4.785639e+01,3.516771e+00,5.680000e+00,2.790000e-01
1.134000e+01,-4.781503e+01,3.540142e+00,5.680000e+00,2.790000e-01
1.134500e+01,-4.776351e+01,3.569709e+00,5.680000e+00,2.820000e-01
1.134900e+01,-4.772246e+01,3.593645e+00,5.680000e+00,2.850000e-01
1.135400e+01,-4.767134e+01,3.623921e+00,5.680000e+00,2.880000e-01
1.135800e+01,-4.763060e+01,3.648429e+00,5.680000e+00,2.910000e-01
1.136200e+01,-4.759002e+01,3.673194e+00,5.680000e+00,2.910000e-01
1.136700e+01,-4.753949e+01,3.704513e+00,5.680000e+00,2.910000e-01
1.137200e+01,-4.748921e+01,3.736232e+00,5.680000e+00,2.910000e-01
1.137600e+01,-4.744915e+01,3.761896e+00,5.680000e+00,2.910000e-01
1.138000e+01,-4.740925e+01,3.787814e+00,5.680000e+00,2.910000e-01
1.138400e+01,-4.736951e+01,3.813986e+00,5.680000e+00,2.910000e-01
1.138800e+01,-4.732993e+01,3.840411e+00,5.680000e+00,2.910000e-01
1.139200e+01,-4.729051e+01,3.867088e+00,5.680000e+00,2.880000e-01
1.139700e+01,-4.724146e+01,3.900785e+00,5.680000e+00,2.850000e-01
1.140100e+01,-4.720241e+01,3.928020e+00,5.680000e+00,2.820000e-01
1.140600e+01,-4.715381e+01,3.962404e+00,5.680000e+00,2.790000e-01
1.141000e+01,-4.711512e+01,3.990180e+00,5.680000e+00,2.760000e-01
1.141400e+01,-4.707659e+01,4.018191e+00,5.680000e+00,2.730000e-01
1.142000e+01,-4.701910e+01,4.060640e+00,5.680000e+00,2.700000e-01
1.142400e+01,-4.698097e+01,4.089225e+00,5.680000e+00,2.670000e-01
1.142900e+01,-4.693354e+01,4.125271e+00,5.680000e+00,2.640000e-01
1.143400e+01,-4.688635e+01,4.161661e+00,5.680000e+00,2.610000e-01
1.143800e+01,-4.684878e+01,4.191018e+00,5.680000e+00,2.580000e-01
1.144300e+01,-4.680205e+01,4.228013e+00,5.680000e+00,2.550000e-01
1.144800e+01,-4.675556e+01,4.265337e+00,5.680000e+00,2.520000e-01
1.145200e+01,-4.671855e+01,4.295428e+00,5.680000e+00,2.490000e-01
1.145600e+01,-4.668170e+01,4.325722e+00,5.680000e+00,2.460000e-01
1.145900e+01,-4.665416e+01,4.348573e+00,5.680000e+00,2.430000e-01
1.146400e+01,-4.660846e+01,4.386905e+00,5.680000e+00,2.400000e-01
1.146900e+01,-4.656300e+01,4.425539e+00,5.680000e+00,2.370000e-01
1.147200e+01,-4.653584e+01,4.448862e+00,5.680000e+00,2.340000e-01
1.147700e+01,-4.649076e+01,4.487967e+00,5.680000e+00,2.310000e-01
1.148000e+01,-4.646383e+01,4.511568e+00,5.680000e+00,2.280000e-01
1.148400e+01,-4.642805e+01,4.543194e+00,5.680000e+00,2.250000e-01
1.148700e+01,-4.640132e+01,4.567030e+00,5.680000e+00,2.220000e-01
1.149100e+01,-4.636580e+01,4.598965e+00,5.680000e+00,2.190000e-01
1.149600e+01,-4.632161e+01,4.639124e+00,5.680000e+00,2.160000e-01
1.150000e+01,-4.628642e+01,4.671442e+00,5.680000e+00,2.130000e-01
1.150400e+01,-4.625137e+01,4.703924e+00,5.680000e+00,2.100000e-01
1.150700e+01,-4.622518e+01,4.728394e+00,5.680000e+00,2.070000e-01
1.151200e+01,-4.618171e+01,4.769375e+00,5.680000e+00,2.040000e-01
1.151600e+01,-4.614709e+01,4.802337e+00,5.680000e+00,2.010000e-01
1.152000e+01,-4.611260e+01,4.835452e+00,5.680000e+00,1.980000e-01
1.152500e+01,-4.606969e+01,4.877059e+00,5.680000e+00,1.950000e-01
1.152900e+01,-4.603552e+01,4.910512e+00,5.680000e+00,1.920000e-01
1.153300e+01,-4.600147e+01,4.944110e+00,5.680000e+00,1.890000e-01
1.153800e+01,-4.595911e+01,4.986307e+00,5.680000e+00,1.860000e-01
1.154200e+01,-4.592536e+01,5.020223e+00,5.680000e+00,1.830000e-01
1.154600e+01,-4.589175e+01,5.054276e+00,5.680000e+00,1.800000e-01
1.155000e+01,-4.585826e+01,5.088463e+00,5.680000e+00,1.770000e-01
1.155400e+01,-4.582490e+01,5.122782e+00,5.680000e+00,1.740000e-01
1.155900e+01,-4.578337e+01,5.165862e+00,5.680000e+00,1.710000e-01
1.156300e+01,-4.575029e+01,5.200469e+00,5.680000e+00,1.680000e-01
1.156900e+01,-4.570089e+01,5.252610e+00,5.680000e+00,1.650000e-01
1.157400e+01,-4.565994e+01,5.296269e+00,5.680000e+00,1.620000e-01
1.158000e+01,-4.561103e+01,5.348904e+00,5.680000e+00,1.590000e-01
1.158400e+01,-4.557857e+01,5.384139e+00,5.680000e+00,1.560000e-01
1.158900e+01,-4.553816e+01,5.428341e+00,5.680000e+00,1.530000e-01
1.159300e+01,-4.550595e+01,5.463828e+00,5.680000e+00,1.500000e-01
1.159700e+01,-4.547386e+01,5.499423e+00,5.680000e+00,1.470000e-01
1.160300e+01,-4.542593e+01,5.553014e+00,5.680000e+00,1.440000e-01
1.160800e+01,-4.538617e+01,5.597850e+00,5.680000e+00,1.410000e-01
1.161200e+01,-4.535448e+01,5.633832e+00,5.680000e+00,1.380000e-01
1.161600e+01,-4.532289e+01,5.669913e+00,5.680000e+00,1.350000e-01
1.162000e+01,-4.529140e+01,5.706091e+00,5.680000e+00,1.320000e-01
1.162500e+01,-4.525219e+01,5.751444e+00,5.680000e+00,1.290000e-01
1.162900e+01,-4.522092e+01,5.787829e+00,5.680000e+00,1.260000e-01
1.163300e+01,-4.518975e+01,5.824304e+00,5.680000e+00,1.230000e-01
1.163800e+01,-4.515092e+01,5.870019e+00,5.680000e+00,1.200000e-01
1.164300e+01,-4.511223e+01,5.915867e+00,5.680000e+00,1.170000e-01
1.164700e+01,-4.508138e+01,5.952638e+00,5.680000e+00,1.140000e-01
1.165100e+01,-4.505062e+01,5.989489e+00,5.680000e+00,1.110000e-01
1.165600e+01,-4.501228e+01,6.035662e+00,5.680000e+00,1.080000e-01
1.166000e+01,-4.498171e+01,6.072686e+00,5.680000e+00,1.050000e-01
1.166400e+01,-4.495121e+01,6.109783e+00,5.680000e+00,1.020000e-01
1.166800e+01,-4.492080e+01,6.146952e+00,5.680000e+00,9.900000e-02
1.167300e+01,-4.488288e+01,6.193511e+00,5.680000e+00,9.600000e-02
1.167800e+01,-4.484508e+01,6.240174e+00,5.680000e+00,9.300000e-02
1.168200e+01,-4.481493e+01,6.277578e+00,5.680000e+00,9.000000e-02
1.168700e+01,-4.477733e+01,6.324422e+00,5.680000e+00,8.700000e-02
1.169200e+01,-4.473983e+01,6.371361e+00,5.680000e+00,8.400000e-02
1.169600e+01,-4.470991e+01,6.408978e+00,5.680000e+00,8.100000e-02
1.170100e+01,-4.467260e+01,6.456080e+00,5.680000e+00,7.800000e-02
1.170700e+01,-4.462794e+01,6.512714e+00,5.680000e+00,7.500000e-02
1.171200e+01,-4.459083e+01,6.560001e+00,5.680000e+00,7.200000e-02
1.171700e+01,-4.455381e+01,6.607366e+00,5.680000e+00,6.900000e-02
1.172200e+01,-4.451687e+01,6.654807e+00,5.680000e+00,6.600000e-02
1.172600e+01,-4.448738e+01,6.692813e+00,5.680000e+00,6.300000e-02
1.173100e+01,-4.445058e+01,6.740383e+00,5.680000e+00,6.000000e-02
1.173500e+01,-4.442120e+01,6.778487e+00,5.680000e+00,5.700000e-02
1.174100e+01,-4.437720e+01,6.835720e+00,5.680000e+00,5.400000e-02
1.174700e+01,-4.433330e+01,6.893040e+00,5.680000e+00,5.100000e-02
1.175100e+01,-4.430408e+01,6.931299e+00,5.680000e+00,4.800000e-02
1.175500e+01,-4.427490e+01,6.969594e+00,5.680000e+00,4.500000e-02
1.176000e+01,-4.423848e+01,7.017509e+00,5.680000e+00,4.200000e-02
1.176400e+01,-4.420937e+01,7.055876e+00,5.680000e+00,3.900000e-02
1.176900e+01,-4.417304e+01,7.103876e+00,5.680000e+00,3.600000e-02
1.177200e+01,-4.415125e+01,7.132697e+00,5.680000e+00,3.300000e-02
1.177700e+01,-4.411498e+01,7.180763e+00,5.680000e+00,3.000000e-02
1.178200e+01,-4.407875e+01,7.228866e+00,5.680000e+00,2.700000e-02
1.178600e+01,-4.404978e+01,7.267374e+00,5.680000e+00,2.400000e-02
1.179000e+01,-4.402083e+01,7.305901e+00,5.680000e+00,2.100000e-02
1.179400e+01,-4.399190e+01,7.344446e+00,5.680000e+00,1.800000e-02
1.179900e+01,-4.395576e+01,7.392651e+00,5.680000e+00,1.500000e-02
1.180400e+01,-4.391963e+01,7.440878e+00,5.680000e+00,1.200000e-02
1.180900e+01,-4.388351e+01,7.489124e+00,5.680000e+00,9.000000e-03
1.181300e+01,-4.385462e+01,7.527733e+00,5.680000e+00,6.000000e-03
1.181800e+01,-4.381852e+01,7.576006e+00,5.680000e+00,3.000000e-03
1.182300e+01,-4.378242e+01,7.624291e+00,5.680000e+00,-1.994932e-17
1.182600e+01,-4.376076e+01,7.653265e+00,5.680000e+00,-3.000000e-03
1.183100e+01,-4.372465e+01,7.701560e+00,5.680000e+00,-6.000000e-03
1.183400e+01,-4.370298e+01,7.730538e+00,5.680000e+00,-9.000000e-03
1.183800e+01,-4.367408e+01,7.769175e+00,5.680000e+00,-1.200000e-02
1.184200e+01,-4.364517e+01,7.807810e+00,5.680000e+00,-1.500000e-02
1.184700e+01,-4.360901e+01,7.856097e+00,5.680000e+00,-1.800000e-02
1.185200e+01,-4.357283e+01,7.904375e+00,5.680000e+00,-2.100000e-02
1.185700e+01,-4.353661e+01,7.952640e+00,5.680000e+00,-2.400000e-02
1.186100e+01,-4.350762e+01,7.991242e+00,5.680000e+00,-2.700000e-02
1.186500e+01,-4.347860e+01,8.029831e+00,5.680000e+00,-3.000000e-02
1.186900e+01,-4.344956e+01,8.068407e+00,5.680000e+00,-3.300000e-02
1.187300e+01,-4.342048e+01,8.106968e+00,5.680000e+00,-3.600000e-02
1.187700e+01,-4.339138e+01,8.145511e+00,5.680000e+00,-3.900000e-02
1.188200e+01,-4.335495e+01,8.193663e+00,5.680000e+00,-4.200000e-02
1.188700e+01,-4.331847e+01,8.241782e+00,5.680000e+00,-4.500000e-02
1.189000e+01,-4.329656e+01,8.270636e+00,5.680000e+00,-4.800000e-02
1.189500e+01,-4.325997e+01,8.318695e+00,5.680000e+00,-5.100000e-02
1.190000e+01,-4.322333e+01,8.366711e+00,5.680000e+00,-5.400000e-02
1.190400e+01,-4.319396e+01,8.405092e+00,5.680000e+00,-5.700000e-02
1.191000e+01,-4.314981e+01,8.462605e+00,5.680000e+00,-6.000000e-02
1.191400e+01,-4.312032e+01,8.500906e+00,5.680000e+00,-6.300000e-02
1.191800e+01,-4.309078e+01,8.539172e+00,5.680000e+00,-6.600000e-02
1.192200e+01,-4.306118e+01,8.577401e+00,5.680000e+00,-6.900000e-02
1.192600e+01,-4.303152e+01,8.615592e+00,5.680000e+00,-7.200000e-02
1.193000e+01,-4.300180e+01,8.653742e+00,5.680000e+00,-7.500000e-02
1.193500e+01,-4.296457e+01,8.701368e+00,5.680000e+00,-7.800000e-02
1.194000e+01,-4.292723e+01,8.748925e+00,5.680000e+00,-8.100000e-02
1.194500e+01,-4.288979e+01,8.796407e+00,5.680000e+00,-8.400000e-02
1.194900e+01,-4.285976e+01,8.834339e+00,5.680000e+00,-8.700000e-02
1.195300e+01,-4.282966e+01,8.872219e+00,5.680000e+00,-9.000000e-02
1.195700e+01,-4.279948e+01,8.910045e+00,5.680000e+00,-9.300000e-02
1.196100e+01,-4.276923e+01,8.947817e+00,5.680000e+00,-9.600000e-02
1.196500e+01,-4.273890e+01,8.985531e+00,5.680000e+00,-9.900000e-02
1.197000e+01,-4.270087e+01,9.032589e+00,5.680000e+00,-1.020000e-01
1.197500e+01,-4.266271e+01,9.079550e+00,5.680000e+00,-1.050000e-01
1.197900e+01,-4.263209e+01,9.117047e+00,5.680000e+00,-1.080000e-01
1.198400e+01,-4.259369e+01,9.163825e+00,5.680000e+00,-1.110000e-01
1.198800e+01,-4.256286e+01,9.201171e+00,5.680000e+00,-1.140000e-01
1.199200e+01,-4.253195e+01,9.238445e+00,5.680000e+00,-1.170000e-01
1.199800e+01,-4.248540e+01,9.294220e+00,5.680000e+00,-1.200000e-01
1.200300e+01,-4.244644e+01,9.340568e+00,5.680000e+00,-1.230000e-01
1.200800e+01,-4.240732e+01,9.386796e+00,5.680000e+00,-1.260000e-01
1.201300e+01,-4.236805e+01,9.432898e+00,5.680000e+00,-1.290000e-01
1.201800e+01,-4.232862e+01,9.478870e+00,5.680000e+00,-1.320000e-01
1.202200e+01,-4.229695e+01,9.515553e+00,5.680000e+00,-1.350000e-01
1.202900e+01,-4.224128e+01,9.579535e+00,5.680000e+00,-1.380000e-01
1.203400e+01,-4.220131e+01,9.625068e+00,5.680000e+00,-1.410000e-01
1.203800e+01,-4.216921e+01,9.661391e+00,5.680000e+00,-1.440000e-01
1.204200e+01,-4.213699e+01,9.697618e+00,5.680000e+00,-1.470000e-01
1.204700e+01,-4.209656e+01,9.742765e+00,5.680000e+00,-1.470000e-01
1.205300e+01,-4.204779e+01,9.796735e+00,5.680000e+00,-1.470000e-01
1.205800e+01,-4.200696e+01,9.841539e+00,5.680000e+00,-1.470000e-01
1.206400e+01,-4.195772e+01,9.895096e+00,5.680000e+00,-1.470000e-01
1.206800e+01,-4.192475e+01,9.930674e+00,5.680000e+00,-1.470000e-01
1.207300e+01,-4.188337e+01,9.975004e+00,5.680000e+00,-1.470000e-01
1.207900e+01,-4.183348e+01,1.002799e+01,5.680000e+00,-1.470000e-01
1.208400e+01,-4.179171e+01,1.007197e+01,5.680000e+00,-1.470000e-01
1.208900e+01,-4.174977e+01,1.011578e+01,5.680000e+00,-1.470000e-01
1.209400e+01,-4.170764e+01,1.015944e+01,5.680000e+00,-1.470000e-01
1.209900e+01,-4.166534e+01,1.020293e+01,5.680000e+00,-1.470000e-01
1.210400e+01,-4.162286e+01,1.024626e+01,5.680000e+00,-1.470000e-01
1.210800e+01,-4.158875e+01,1.028081e+01,5.680000e+00,-1.470000e-01
1.211200e+01,-4.155453e+01,1.031525e+01,5.680000e+00,-1.470000e-01
1.211600e+01,-4.152020e+01,1.034958e+01,5.680000e+00,-1.470000e-01
1.212100e+01,-4.147713e+01,1.039235e+01,5.680000e+00,-1.470000e-01
1.212500e+01,-4.144254e+01,1.042645e+01,5.680000e+00,-1.470000e-01
1.213000e+01,-4.139916e+01,1.046891e+01,5.680000e+00,-1.470000e-01
1.213700e+01,-4.133813e+01,1.052809e+01,5.680000e+00,-1.470000e-01
1.214200e+01,-4.129434e+01,1.057015e+01,5.680000e+00,-1.470000e-01
1.214600e+01,-4.125918e+01,1.060368e+01,5.680000e+00,-1.470000e-01
1.215100e+01,-4.121507e+01,1.064544e+01,5.680000e+00,-1.470000e-01
1.215600e+01,-4.117080e+01,1.068703e+01,5.680000e+00,-1.470000e-01
1.216100e+01,-4.112636e+01,1.072844e+01,5.680000e+00,-1.470000e-01
1.216500e+01,-4.109069e+01,1.076145e+01,5.680000e+00,-1.470000e-01
1.217000e+01,-4.104594e+01,1.080256e+01,5.680000e+00,-1.470000e-01
1.217400e+01,-4.101003e+01,1.083531e+01,5.680000e+00,-1.470000e-01
1.217800e+01,-4.097401e+01,1.086796e+01,5.680000e+00,-1.470000e-01
1.218100e+01,-4.094692e+01,1.089237e+01,5.680000e+00,-1.470000e-01
1.218600e+01,-4.090165e+01,1.093292e+01,5.680000e+00,-1.470000e-01
1.219000e+01,-4.086531e+01,1.096523e+01,5.680000e+00,-1.470000e-01
1.219500e+01,-4.081974e+01,1.100546e+01,5.680000e+00,-1.470000e-01
1.219900e+01,-4.078316e+01,1.103751e+01,5.680000e+00,-1.470000e-01
1.220500e+01,-4.072811e+01,1.108539e+01,5.680000e+00,-1.470000e-01
1.220900e+01,-4.069127e+01,1.111716e+01,5.680000e+00,-1.470000e-01
1.221400e+01,-4.064508e+01,1.115671e+01,5.680000e+00,-1.470000e-01
1.221900e+01,-4.059873e+01,1.119608e+01,5.680000e+00,-1.470000e-01
1.222300e+01,-4.056154e+01,1.122745e+01,5.680000e+00,-1.470000e-01
1.222900e+01,-4.050556e+01,1.127428e+01,5.680000e+00,-1.470000e-01
1.223300e+01,-4.046811e+01,1.130536e+01,5.680000e+00,-1.470000e-01
1.223900e+01,-4.041174e+01,1.135176e+01,5.680000e+00,-1.470000e-01
1.224300e+01,-4.037404e+01,1.138254e+01,5.680000e+00,-1.470000e-01
1.224800e+01,-4.032677e+01,1.142086e+01,5.680000e+00,-1.470000e-01
1.225300e+01,-4.027935e+01,1.145899e+01,5.680000e+00,-1.470000e-01
1.225700e+01,-4.024130e+01,1.148936e+01,5.680000e+00,-1.470000e-01
1.226200e+01,-4.019359e+01,1.152716e+01,5.680000e+00,-1.470000e-01
1.226700e+01,-4.014574e+01,1.156477e+01,5.680000e+00,-1.470000e-01
1.227100e+01,-4.010734e+01,1.159472e+01,5.680000e+00,-1.500000e-01
1.227700e+01,-4.004956e+01,1.163943e+01,5.680000e+00,-1.530000e-01
1.228100e+01,-4.001092e+01,1.166908e+01,5.680000e+00,-1.560000e-01
1.228500e+01,-3.997217e+01,1.169860e+01,5.680000e+00,-1.590000e-01
1.229000e+01,-3.992359e+01,1.173532e+01,5.680000e+00,-1.620000e-01
1.229600e+01,-3.986509e+01,1.177910e+01,5.680000e+00,-1.650000e-01
1.230100e+01,-3.981615e+01,1.181536e+01,5.680000e+00,-1.680000e-01
1.230500e+01,-3.977688e+01,1.184421e+01,5.680000e+00,-1.710000e-01
1.231000e+01,-3.972764e+01,1.188007e+01,5.680000e+00,-1.740000e-01
1.231500e+01,-3.967823e+01,1.191570e+01,5.680000e+00,-1.770000e-01
1.231900e+01,-3.963857e+01,1.194404e+01,5.680000e+00,-1.800000e-01
1.232300e+01,-3.959881e+01,1.197223e+01,5.680000e+00,-1.830000e-01
1.232700e+01,-3.955893e+01,1.200026e+01,5.680000e+00,-1.860000e-01
1.233200e+01,-3.950892e+01,1.203508e+01,5.680000e+00,-1.890000e-01
1.233600e+01,-3.946878e+01,1.206276e+01,5.680000e+00,-1.920000e-01
1.234000e+01,-3.942853e+01,1.209027e+01,5.680000e+00,-1.950000e-01
1.234500e+01,-3.937804e+01,1.212442e+01,5.680000e+00,-1.980000e-01
1.234900e+01,-3.933752e+01,1.215155e+01,5.680000e+00,-2.010000e-01
1.235300e+01,-3.929688e+01,1.217851e+01,5.680000e+00,-2.040000e-01
1.235700e+01,-3.925612e+01,1.220529e+01,5.680000e+00,-2.070000e-01
1.236100e+01,-3.921524e+01,1.223188e+01,5.680000e+00,-2.100000e-01
1.236600e+01,-3.916396e+01,1.226487e+01,5.680000e+00,-2.130000e-01
1.237000e+01,-3.912280e+01,1.229105e+01,5.680000e+00,-2.160000e-01
1.237400e+01,-3.908151e+01,1.231704e+01,5.680000e+00,-2.190000e-01
1.237900e+01,-3.902973e+01,1.234925e+01,5.680000e+00,-2.220000e-01
1.238300e+01,-3.898816e+01,1.237480e+01,5.680000e+00,-2.250000e-01
1.238700e+01,-3.894646e+01,1.240014e+01,5.680000e+00,-2.280000e-01
1.239200e+01,-3.889416e+01,1.243154e+01,5.680000e+00,-2.310000e-01
1.239600e+01,-3.885218e+01,1.245642e+01,5.680000e+00,-2.340000e-01
1.240000e+01,-3.881007e+01,1.248109e+01,5.680000e+00,-2.340000e-01
1.240700e+01,-3.873606e+01,1.252374e+01,5.680000e+00,-2.340000e-01
1.241200e+01,-3.868296e+01,1.255380e+01,5.680000e+00,-2.340000e-01
1.241600e+01,-3.864034e+01,1.257761e+01,5.680000e+00,-2.340000e-01
1.242100e+01,-3.858690e+01,1.260706e+01,5.680000e+00,-2.340000e-01
1.242600e+01,-3.853325e+01,1.263617e+01,5.680000e+00,-2.340000e-01
1.243000e+01,-3.849020e+01,1.265921e+01,5.680000e+00,-2.340000e-01
1.243500e+01,-3.843622e+01,1.268771e+01,5.680000e+00,-2.340000e-01
1.243800e+01,-3.840375e+01,1.270464e+01,5.680000e+00,-2.340000e-01
1.244400e+01,-3.833859e+01,1.273813e+01,5.680000e+00,-2.340000e-01
1.244900e+01,-3.828409e+01,1.276566e+01,5.680000e+00,-2.340000e-01
1.245200e+01,-3.825131e+01,1.278201e+01,5.680000e+00,-2.340000e-01
1.245700e+01,-3.819653e+01,1.280898e+01,5.680000e+00,-2.340000e-01
1.246100e+01,-3.815258e+01,1.283030e+01,5.680000e+00,-2.340000e-01
1.246600e+01,-3.809748e+01,1.285664e+01,5.680000e+00,-2.340000e-01
1.247000e+01,-3.805328e+01,1.287746e+01,5.680000e+00,-2.340000e-01
1.247300e+01,-3.802005e+01,1.289292e+01,5.680000e+00,-2.340000e-01
1.247800e+01,-3.796455e+01,1.291842e+01,5.680000e+00,-2.340000e-01
1.248300e+01,-3.790887e+01,1.294355e+01,5.680000e+00,-2.340000e-01
1.248700e+01,-3.786422e+01,1.296341e+01,5.680000e+00,-2.340000e-01
1.249200e+01,-3.780825e+01,1.298791e+01,5.680000e+00,-2.340000e-01
1.249600e+01,-3.776336e+01,1.300725e+01,5.680000e+00,-2.340000e-01
1.250100e+01,-3.770711e+01,1.303110e+01,5.680000e+00,-2.340000e-01
1.250500e+01,-3.766199e+01,1.304992e+01,5.680000e+00,-2.340000e-01
1.251000e+01,-3.760546e+01,1.307313e+01,5.680000e+00,-2.340000e-01
1.251400e+01,-3.756012e+01,1.309143e+01,5.680000e+00,-2.340000e-01
1.251800e+01,-3.751469e+01,1.310950e+01,5.680000e+00,-2.340000e-01
1.252100e+01,-3.748055e+01,1.312290e+01,5.680000e+00,-2.340000e-01
1.252600e+01,-3.742354e+01,1.314494e+01,5.680000e+00,-2.340000e-01
1.253000e+01,-3.737783e+01,1.316232e+01,5.680000e+00,-2.340000e-01
1.253500e+01,-3.732056e+01,1.318370e+01,5.680000e+00,-2.370000e-01
1.254100e+01,-3.725165e+01,1.320888e+01,5.680000e+00,-2.400000e-01
1.254600e+01,-3.719407e+01,1.322945e+01,5.680000e+00,-2.430000e-01
1.254900e+01,-3.715946e+01,1.324161e+01,5.680000e+00,-2.460000e-01
1.255400e+01,-3.710166e+01,1.326156e+01,5.680000e+00,-2.490000e-01
1.255900e+01,-3.704372e+01,1.328113e+01,5.680000e+00,-2.520000e-01
1.256200e+01,-3.700889e+01,1.329267e+01,5.680000e+00,-2.550000e-01
1.256700e+01,-3.695073e+01,1.331160e+01,5.680000e+00,-2.550000e-01
1.257200e+01,-3.689243e+01,1.333011e+01,5.680000e+00,-2.550000e-01
1.257800e+01,-3.682230e+01,1.335179e+01,5.680000e+00,-2.550000e-01
1.258200e+01,-3.677545e+01,1.336591e+01,5.680000e+00,-2.550000e-01
1.258700e+01,-3.671676e+01,1.338320e+01,5.680000e+00,-2.550000e-01
1.259100e+01,-3.666972e+01,1.339673e+01,5.680000e+00,-2.550000e-01
1.259500e+01,-3.662261e+01,1.341000e+01,5.680000e+00,-2.550000e-01
1.259800e+01,-3.658722e+01,1.341978e+01,5.680000e+00,-2.550000e-01
1.260300e+01,-3.652815e+01,1.343575e+01,5.680000e+00,-2.550000e-01
1.260600e+01,-3.649265e+01,1.344513e+01,5.680000e+00,-2.550000e-01
1.261000e+01,-3.644526e+01,1.345740e+01,5.680000e+00,-2.550000e-01
1.261600e+01,-3.637404e+01,1.347531e+01,5.680000e+00,-2.550000e-01
1.261900e+01,-3.633837e+01,1.348405e+01,5.680000e+00,-2.550000e-01
1.262400e+01,-3.627883e+01,1.349827e+01,5.680000e+00,-2.550000e-01
1.262800e+01,-3.623113e+01,1.350934e+01,5.680000e+00,-2.550000e-01
1.263200e+01,-3.618336e+01,1.352015e+01,5.680000e+00,-2.550000e-01
1.263600e+01,-3.613554e+01,1.353069e+01,5.680000e+00,-2.550000e-01
1.264000e+01,-3.608765e+01,1.354096e+01,5.680000e+00,-2.550000e-01
1.264400e+01,-3.603970e+01,1.355096e+01,5.680000e+00,-2.550000e-01
1.264900e+01,-3.597968e+01,1.356308e+01,5.680000e+00,-2.550000e-01
1.265200e+01,-3.594363e+01,1.357015e+01,5.680000e+00,-2.550000e-01
1.265700e+01,-3.588347e+01,1.358160e+01,5.680000e+00,-2.550000e-01
1.266100e+01,-3.583529e+01,1.359045e+01,5.680000e+00,-2.550000e-01
1.266500e+01,-3.578705e+01,1.359904e+01,5.680000e+00,-2.550000e-01
1.266900e+01,-3.573877e+01,1.360735e+01,5.680000e+00,-2.550000e-01
1.267200e+01,-3.570252e+01,1.361341e+01,5.680000e+00,-2.550000e-01
1.267700e+01,-3.564205e+01,1.362316e+01,5.680000e+00,-2.550000e-01
1.268000e+01,-3.560573e+01,1.362881e+01,5.680000e+00,-2.550000e-01
1.268600e+01,-3.553303e+01,1.363965e+01,5.680000e+00,-2.550000e-01
1.269000e+01,-3.548450e+01,1.364653e+01,5.680000e+00,-2.550000e-01
1.269300e+01,-3.544808e+01,1.365151e+01,5.680000e+00,-2.550000e-01
1.269700e+01,-3.539949e+01,1.365792e+01,5.680000e+00,-2.550000e-01
1.270100e+01,-3.535086e+01,1.366405e+01,5.680000e+00,-2.550000e-01
1.270500e+01,-3.530219e+01,1.366991e+01,5.680000e+00,-2.550000e-01
1.270800e+01,-3.526567e+01,1.367413e+01,5.680000e+00,-2.550000e-01
1.271300e+01,-3.520475e+01,1.368081e+01,5.680000e+00,-2.550000e-01
1.271600e+01,-3.516818e+01,1.368461e+01,5.680000e+00,-2.550000e-01
1.272100e+01,-3.510719e+01,1.369061e+01,5.680000e+00,-2.550000e-01
1.272600e+01,-3.504615e+01,1.369618e+01,5.680000e+00,-2.550000e-01
1.273100e+01,-3.498507e+01,1.370132e+01,5.680000e+00,-2.550000e-01
1.273600e+01,-3.492396e+01,1.370603e+01,5.680000e+00,-2.550000e-01
1.274000e+01,-3.487504e+01,1.370948e+01,5.680000e+00,-2.550000e-01
1.274300e+01,-3.483834e+01,1.371190e+01,5.680000e+00,-2.550000e-01
1.274700e+01,-3.478938e+01,1.371487e+01,5.680000e+00,-2.550000e-01
1.275100e+01,-3.474041e+01,1.371757e+01,5.680000e+00,-2.550000e-01
1.275600e+01,-3.467917e+01,1.372056e+01,5.680000e+00,-2.550000e-01
1.276100e+01,-3.461791e+01,1.372311e+01,5.680000e+00,-2.550000e-01
1.276400e+01,-3.458114e+01,1.372444e+01,5.680000e+00,-2.550000e-01
1.276900e+01,-3.451984e+01,1.372631e+01,5.680000e+00,-2.550000e-01
1.277200e+01,-3.448306e+01,1.372722e+01,5.680000e+00,-2.550000e-01
1.277700e+01,-3.442174e+01,1.372839e+01,5.680000e+00,-2.550000e-01
1.278000e+01,-3.438495e+01,1.372889e+01,5.680000e+00,-2.550000e-01
1.278400e+01,-3.433588e+01,1.372931e+01,5.680000e+00,-2.550000e-01
1.278900e+01,-3.427455e+01,1.372945e+01,5.680000e+00,-2.550000e-01
1.279300e+01,-3.422547e+01,1.372925e+01,5.680000e+00,-2.550000e-01
1.279700e+01,-3.417640e+01,1.372877e+01,5.680000e+00,-2.550000e-01
1.280200e+01,-3.411506e+01,1.372779e+01,5.680000e+00,-2.550000e-01
1.280500e+01,-3.407826e+01,1.372699e+01,5.680000e+00,-2.550000e-01
1.280900e+01,-3.402920e+01,1.372568e+01,5.680000e+00,-2.550000e-01
1.281300e+01,-3.398014e+01,1.372410e+01,5.680000e+00,-2.550000e-01
1.281700e+01,-3.393109e+01,1.372224e+01,5.680000e+00,-2.550000e-01
1.282200e+01,-3.386979e+01,1.371953e+01,5.680000e+00,-2.550000e-01
1.282600e+01,-3.382076e+01,1.371704e+01,5.680000e+00,-2.550000e-01
1.283000e+01,-3.377175e+01,1.371429e+01,5.680000e+00,-2.550000e-01
1.283400e+01,-3.372274e+01,1.371125e+01,5.680000e+00,-2.550000e-01
1.283800e+01,-3.367376e+01,1.370794e+01,5.680000e+00,-2.550000e-01
1.284400e+01,-3.360031e+01,1.370245e+01,5.680000e+00,-2.550000e-01
1.284800e+01,-3.355137e+01,1.369845e+01,5.680000e+00,-2.550000e-01
1.285200e+01,-3.350245e+01,1.369417e+01,5.680000e+00,-2.550000e-01
1.285700e+01,-3.344134e+01,1.368844e+01,5.680000e+00,-2.550000e-01
1.286100e+01,-3.339247e+01,1.368354e+01,5.680000e+00,-2.550000e-01
1.286600e+01,-3.333143e+01,1.367703e+01,5.680000e+00,-2.550000e-01
1.286900e+01,-3.329482e+01,1.367291e+01,5.680000e+00,-2.550000e-01
1.287300e+01,-3.324604e+01,1.366719e+01,5.680000e+00,-2.550000e-01
1.287800e+01,-3.318510e+01,1.365964e+01,5.680000e+00,-2.550000e-01
1.288100e+01,-3.314857e+01,1.365491e+01,5.680000e+00,-2.550000e-01
1.288500e+01,-3.309988e+01,1.364836e+01,5.680000e+00,-2.550000e-01
1.288900e+01,-3.305123e+01,1.364153e+01,5.680000e+00,-2.550000e-01
1.289500e+01,-3.297833e+01,1.363078e+01,5.680000e+00,-2.550000e-01
1.289900e+01,-3.292978e+01,1.362327e+01,5.680000e+00,-2.550000e-01
1.290300e+01,-3.288126e+01,1.361548e+01,5.680000e+00,-2.550000e-01
1.290800e+01,-3.282068e+01,1.360536e+01,5.680000e+00,-2.550000e-01
1.291300e+01,-3.276017e+01,1.359482e+01,5.680000e+00,-2.550000e-01
1.291700e+01,-3.271182e+01,1.358607e+01,5.680000e+00,-2.550000e-01
1.292100e+01,-3.266351e+01,1.357705e+01,5.680000e+00,-2.550000e-01
1.292600e+01,-3.260319e+01,1.356540e+01,5.680000e+00,-2.550000e-01
1.293100e+01,-3.254296e+01,1.355332e+01,5.680000e+00,-2.550000e-01
1.293600e+01,-3.248281e+01,1.354081e+01,5.680000e+00,-2.550000e-01
1.294100e+01,-3.242274e+01,1.352788e+01,5.680000e+00,-2.550000e-01
1.294600e+01,-3.236277e+01,1.351452e+01,5.680000e+00,-2.550000e-01
1.295000e+01,-3.231485e+01,1.350353e+01,5.680000e+00,-2.550000e-01
1.295500e+01,-3.225505e+01,1.348942e+01,5.680000e+00,-2.550000e-01
1.295900e+01,-3.220727e+01,1.347782e+01,5.680000e+00,-2.550000e-01
1.296500e+01,-3.213573e+01,1.345991e+01,5.680000e+00,-2.550000e-01
1.297000e+01,-3.207623e+01,1.344453e+01,5.680000e+00,-2.550000e-01
1.297400e+01,-3.202870e+01,1.343192e+01,5.680000e+00,-2.550000e-01
1.297900e+01,-3.196939e+01,1.341578e+01,5.680000e+00,-2.550000e-01
1.298300e+01,-3.192203e+01,1.340257e+01,5.680000e+00,-2.550000e-01
1.298800e+01,-3.186292e+01,1.338568e+01,5.680000e+00,-2.550000e-01
1.299300e+01,-3.180393e+01,1.336837e+01,5.680000e+00,-2.550000e-01
1.299800e+01,-3.174507e+01,1.335064e+01,5.680000e+00,-2.550000e-01
1.300200e+01,-3.169806e+01,1.333616e+01,5.680000e+00,-2.550000e-01
1.300700e+01,-3.163942e+01,1.331768e+01,5.680000e+00,-2.550000e-01
1.301100e+01,-3.159260e+01,1.330260e+01,5.680000e+00,-2.550000e-01
1.301400e+01,-3.155754e+01,1.329112e+01,5.680000e+00,-2.550000e-01
1.301800e+01,-3.151087e+01,1.327558e+01,5.680000e+00,-2.550000e-01
1.302200e+01,-3.146429e+01,1.325977e+01,5.680000e+00,-2.550000e-01
1.302700e+01,-3.140618e+01,1.323964e+01,5.680000e+00,-2.550000e-01
1.303200e+01,-3.134821e+01,1.321910e+01,5.680000e+00,-2.550000e-01
1.303600e+01,-3.130194e+01,1.320238e+01,5.680000e+00,-2.550000e-01
1.304100e+01,-3.124424e+01,1.318110e+01,5.680000e+00,-2.550000e-01
1.304600e+01,-3.118668e+01,1.315942e+01,5.680000e+00,-2.550000e-01
1.305100e+01,-3.112927e+01,1.313732e+01,5.680000e+00,-2.550000e-01
1.305700e+01,-3.106059e+01,1.311028e+01,5.680000e+00,-2.550000e-01
1.306200e+01,-3.100353e+01,1.308730e+01,5.680000e+00,-2.550000e-01
1.306700e+01,-3.094663e+01,1.306391e+01,5.680000e+00,-2.550000e-01
1.307300e+01,-3.087857e+01,1.303531e+01,5.680000e+00,-2.550000e-01
1.307800e+01,-3.082203e+01,1.301104e+01,5.680000e+00,-2.550000e-01
1.308200e+01,-3.077693e+01,1.299134e+01,5.680000e+00,-2.550000e-01
1.308600e+01,-3.073193e+01,1.297138e+01,5.680000e+00,-2.550000e-01
1.309100e+01,-3.067584e+01,1.294607e+01,5.680000e+00,-2.550000e-01
1.309500e+01,-3.063110e+01,1.292554e+01,5.680000e+00,-2.550000e-01
1.310100e+01,-3.056420e+01,1.289426e+01,5.680000e+00,-2.550000e-01
1.310500e+01,-3.051975e+01,1.287310e+01,5.680000e+00,-2.550000e-01
1.311000e+01,-3.046436e+01,1.284629e+01,5.680000e+00,-2.550000e-01
1.311500e+01,-3.040915e+01,1.281908e+01,5.680000e+00,-2.550000e-01
1.311900e+01,-3.036512e+01,1.279704e+01,5.680000e+00,-2.550000e-01
1.312400e+01,-3.031026e+01,1.276914e+01,5.680000e+00,-2.550000e-01
1.312900e+01,-3.025559e+01,1.274084e+01,5.680000e+00,-2.550000e-01
1.313300e+01,-3.021200e+01,1.271793e+01,5.680000e+00,-2.550000e-01
1.313800e+01,-3.015769e+01,1.268894e+01,5.680000e+00,-2.550000e-01
1.314300e+01,-3.010359e+01,1.265957e+01,5.680000e+00,-2.550000e-01
1.314700e+01,-3.006046e+01,1.263579e+01,5.680000e+00,-2.550000e-01
1.315200e+01,-3.000673e+01,1.260573e+01,5.680000e+00,-2.550000e-01
1.315600e+01,-2.996390e+01,1.258141e+01,5.680000e+00,-2.550000e-01
1.316100e+01,-2.991055e+01,1.255066e+01,5.680000e+00,-2.520000e-01
1.316600e+01,-2.985742e+01,1.251954e+01,5.680000e+00,-2.490000e-01
1.317100e+01,-2.980450e+01,1.248805e+01,5.680000e+00,-2.460000e-01
1.317600e+01,-2.975180e+01,1.245620e+01,5.680000e+00,-2.430000e-01
1.318000e+01,-2.970980e+01,1.243045e+01,5.680000e+00,-2.400000e-01
1.318500e+01,-2.965748e+01,1.239796e+01,5.680000e+00,-2.370000e-01
1.318800e+01,-2.962620e+01,1.237830e+01,5.680000e+00,-2.340000e-01
1.319300e+01,-2.957422e+01,1.234525e+01,5.680000e+00,-2.310000e-01
1.319700e+01,-2.953279e+01,1.231858e+01,5.680000e+00,-2.280000e-01
1.320100e+01,-2.949150e+01,1.229169e+01,5.680000e+00,-2.250000e-01
1.320700e+01,-2.942981e+01,1.225097e+01,5.680000e+00,-2.220000e-01
1.321100e+01,-2.938886e+01,1.222357e+01,5.680000e+00,-2.190000e-01
1.321500e+01,-2.934803e+01,1.219596e+01,5.680000e+00,-2.160000e-01
1.322000e+01,-2.929718e+01,1.216119e+01,5.680000e+00,-2.130000e-01
1.322500e+01,-2.924654e+01,1.212611e+01,5.680000e+00,-2.100000e-01
1.322900e+01,-2.920617e+01,1.209783e+01,5.680000e+00,-2.070000e-01
1.323300e+01,-2.916594e+01,1.206936e+01,5.680000e+00,-2.040000e-01
1.323700e+01,-2.912583e+01,1.204071e+01,5.680000e+00,-2.010000e-01
1.324200e+01,-2.907587e+01,1.200465e+01,5.680000e+00,-1.980000e-01
1.324700e+01,-2.902610e+01,1.196831e+01,5.680000e+00,-1.950000e-01
1.325100e+01,-2.898644e+01,1.193905e+01,5.680000e+00,-1.920000e-01
1.325700e+01,-2.892716e+01,1.189483e+01,5.680000e+00,-1.890000e-01
1.326200e+01,-2.887798e+01,1.185770e+01,5.680000e+00,-1.860000e-01
1.326600e+01,-2.883878e+01,1.182781e+01,5.680000e+00,-1.830000e-01
1.327000e+01,-2.879969e+01,1.179776e+01,5.680000e+00,-1.800000e-01
1.327600e+01,-2.874128e+01,1.175239e+01,5.680000e+00,-1.770000e-01
1.328000e+01,-2.870249e+01,1.172196e+01,5.680000e+00,-1.740000e-01
1.328400e+01,-2.866381e+01,1.169137e+01,5.680000e+00,-1.710000e-01
1.328900e+01,-2.861563e+01,1.165293e+01,5.680000e+00,-1.680000e-01
1.329200e+01,-2.858681e+01,1.162975e+01,5.680000e+00,-1.650000e-01
1.329600e+01,-2.854847e+01,1.159873e+01,5.680000e+00,-1.620000e-01
1.330000e+01,-2.851025e+01,1.156757e+01,5.680000e+00,-1.590000e-01
1.330400e+01,-2.847214e+01,1.153627e+01,5.680000e+00,-1.560000e-01
1.330800e+01,-2.843413e+01,1.150484e+01,5.680000e+00,-1.530000e-01
1.331200e+01,-2.839623e+01,1.147329e+01,5.680000e+00,-1.500000e-01
1.331700e+01,-2.834900e+01,1.143366e+01,5.680000e+00,-1.470000e-01
1.332300e+01,-2.829253e+01,1.138585e+01,5.680000e+00,-1.440000e-01
1.332600e+01,-2.826438e+01,1.136185e+01,5.680000e+00,-1.410000e-01
1.333000e+01,-2.822694e+01,1.132974e+01,5.680000e+00,-1.380000e-01
1.333500e+01,-2.818027e+01,1.128944e+01,5.680000e+00,-1.350000e-01
1.333900e+01,-2.814304e+01,1.125707e+01,5.680000e+00,-1.320000e-01
1.334300e+01,-2.810591e+01,1.122459e+01,5.680000e+00,-1.290000e-01
1.334800e+01,-2.805962e+01,1.118385e+01,5.680000e+00,-1.260000e-01
1.335900e+01,-2.795829e+01,1.109363e+01,5.680000e+00,-1.230000e-01
1.336200e+01,-2.793076e+01,1.106890e+01,5.680000e+00,-1.200000e-01
1.336700e+01,-2.788500e+01,1.102754e+01,5.680000e+00,-1.170000e-01
1.337100e+01,-2.784849e+01,1.099436e+01,5.680000e+00,-1.140000e-01
1.337500e+01,-2.781206e+01,1.096107e+01,5.680000e+00,-1.110000e-01
1.338000e+01,-2.776664e+01,1.091934e+01,5.680000e+00,-1.080000e-01
1.338500e+01,-2.772134e+01,1.087748e+01,5.680000e+00,-1.050000e-01
1.338900e+01,-2.768519e+01,1.084389e+01,5.680000e+00,-1.020000e-01
1.339300e+01,-2.764911e+01,1.081021e+01,5.680000e+00,-9.900000e-02
1.339700e+01,-2.761311e+01,1.077646e+01,5.680000e+00,-9.600000e-02
1.340200e+01,-2.756820e+01,1.073416e+01,5.680000e+00,-9.300000e-02
1.340600e+01,-2.753235e+01,1.070023e+01,5.680000e+00,-9.000000e-02
1.341100e+01,-2.748764e+01,1.065772e+01,5.680000e+00,-8.700000e-02
1.341500e+01,-2.745194e+01,1.062364e+01,5.680000e+00,-8.400000e-02
1.342000e+01,-2.740741e+01,1.058093e+01,5.680000e+00,-8.100000e-02
1.342300e+01,-2.738073e+01,1.055526e+01,5.680000e+00,-7.800000e-02
1.342700e+01,-2.734522e+01,1.052098e+01,5.680000e+00,-7.500000e-02
1.343100e+01,-2.730976e+01,1.048664e+01,5.680000e+00,-7.200000e-02
1.343500e+01,-2.727435e+01,1.045224e+01,5.680000e+00,-6.900000e-02
1.343900e+01,-2.723900e+01,1.041778e+01,5.680000e+00,-6.600000e-02
1.344300e+01,-2.720370e+01,1.038327e+01,5.680000e+00,-6.300000e-02
1.344800e+01,-2.715964e+01,1.034006e+01,5.680000e+00,-6.000000e-02
1.345200e+01,-2.712444e+01,1.030544e+01,5.680000e+00,-5.700000e-02
1.345700e+01,-2.708050e+01,1.026210e+01,5.680000e+00,-5.400000e-02
1.346200e+01,-2.703663e+01,1.021869e+01,5.680000e+00,-5.100000e-02
1.346600e+01,-2.700158e+01,1.018391e+01,5.680000e+00,-4.800000e-02
1.347100e+01,-2.695781e+01,1.014039e+01,5.680000e+00,-4.500000e-02
1.347600e+01,-2.691410e+01,1.009681e+01,5.680000e+00,-4.200000e-02
1.348000e+01,-2.687917e+01,1.006191e+01,5.680000e+00,-3.900000e-02
1.348400e+01,-2.684426e+01,1.002697e+01,5.680000e+00,-3.600000e-02
1.348900e+01,-2.680068e+01,9.983263e+00,5.680000e+00,-3.300000e-02
1.349200e+01,-2.677454e+01,9.957016e+00,5.680000e+00,-3.000000e-02
1.349600e+01,-2.673972e+01,9.921999e+00,5.680000e+00,-2.700000e-02
1.349900e+01,-2.671361e+01,9.895720e+00,5.680000e+00,-2.400000e-02
1.350400e+01,-2.667013e+01,9.851898e+00,5.680000e+00,-2.100000e-02
1.351200e+01,-2.660060e+01,9.781724e+00,5.680000e+00,-1.800000e-02
1.351500e+01,-2.657455e+01,9.755392e+00,5.680000e+00,-1.500000e-02
1.352000e+01,-2.653113e+01,9.711488e+00,5.680000e+00,-1.200000e-02
1.352500e+01,-2.648774e+01,9.667567e+00,5.680000e+00,-9.000000e-03
1.353100e+01,-2.643568e+01,9.614843e+00,5.680000e+00,-6.000000e-03
1.353600e+01,-2.639230e+01,9.570894e+00,5.680000e+00,-3.000000e-03
1.354000e+01,-2.635760e+01,9.535730e+00,5.680000e+00,1.994932e-17
1.354500e+01,-2.631423e+01,9.491771e+00,5.680000e+00,3.000000e-03
1.354900e+01,-2.627953e+01,9.456604e+00,5.680000e+00,6.000000e-03
1.355500e+01,-2.622747e+01,9.403859e+00,5.680000e+00,9.000000e-03
1.356000e+01,-2.618408e+01,9.359911e+00,5.680000e+00,1.200000e-02
1.356500e+01,-2.614068e+01,9.315975e+00,5.680000e+00,1.500000e-02
1.356900e+01,-2.610594e+01,9.280836e+00,5.680000e+00,1.800000e-02
1.357400e+01,-2.606250e+01,9.236928e+00,5.680000e+00,2.100000e-02
1.357700e+01,-2.603643e+01,9.210593e+00,5.680000e+00,2.400000e-02
1.358200e+01,-2.599295e+01,9.166722e+00,5.680000e+00,2.700000e-02
1.358700e+01,-2.594943e+01,9.122880e+00,5.680000e+00,3.000000e-02
1.359000e+01,-2.592331e+01,9.096589e+00,5.680000e+00,3.300000e-02
1.359500e+01,-2.587974e+01,9.052801e+00,5.680000e+00,3.600000e-02
1.359900e+01,-2.584485e+01,9.017798e+00,5.680000e+00,3.900000e-02
1.360400e+01,-2.580120e+01,8.974083e+00,5.680000e+00,4.200000e-02
1.360800e+01,-2.576625e+01,8.939144e+00,5.680000e+00,4.500000e-02
1.361300e+01,-2.572251e+01,8.895516e+00,5.680000e+00,4.800000e-02
1.361800e+01,-2.567871e+01,8.851942e+00,5.680000e+00,5.100000e-02
1.362300e+01,-2.563485e+01,8.808425e+00,5.680000e+00,5.400000e-02
1.362800e+01,-2.559093e+01,8.764969e+00,5.680000e+00,5.700000e-02
1.363300e+01,-2.554694e+01,8.721578e+00,5.680000e+00,5.700000e-02
1.363900e+01,-2.549407e+01,8.669597e+00,5.680000e+00,5.700000e-02
1.364300e+01,-2.545876e+01,8.634997e+00,5.680000e+00,5.700000e-02
1.364700e+01,-2.542341e+01,8.600440e+00,5.680000e+00,5.700000e-02
1.365100e+01,-2.538802e+01,8.565926e+00,5.680000e+00,5.700000e-02
1.365500e+01,-2.535258e+01,8.531455e+00,5.680000e+00,5.700000e-02
1.365900e+01,-2.531710e+01,8.497028e+00,5.680000e+00,5.700000e-02
1.366400e+01,-2.527269e+01,8.454054e+00,5.680000e+00,5.700000e-02
1.366700e+01,-2.524601e+01,8.428302e+00,5.680000e+00,5.700000e-02
1.367200e+01,-2.520149e+01,8.385437e+00,5.680000e+00,5.700000e-02
1.367600e+01,-2.516583e+01,8.351194e+00,5.680000e+00,5.700000e-02
1.368100e+01,-2.512118e+01,8.308452e+00,5.680000e+00,5.700000e-02
1.368500e+01,-2.508542e+01,8.274307e+00,5.680000e+00,5.700000e-02
1.369000e+01,-2.504066e+01,8.231687e+00,5.680000e+00,5.700000e-02
1.369400e+01,-2.500480e+01,8.197640e+00,5.680000e+00,5.700000e-02
1.369800e+01,-2.496889e+01,8.163637e+00,5.680000e+00,5.700000e-02
1.370200e+01,-2.493295e+01,8.129678e+00,5.680000e+00,5.700000e-02
1.370700e+01,-2.488796e+01,8.087291e+00,5.680000e+00,5.700000e-02
1.371200e+01,-2.484289e+01,8.044973e+00,5.680000e+00,5.700000e-02
1.371500e+01,-2.481583e+01,8.019615e+00,5.680000e+00,5.700000e-02
1.372000e+01,-2.477066e+01,7.977407e+00,5.680000e+00,5.700000e-02
1.372400e+01,-2.473448e+01,7.943690e+00,5.680000e+00,5.700000e-02
1.372900e+01,-2.468919e+01,7.901607e+00,5.680000e+00,5.700000e-02
1.373300e+01,-2.465291e+01,7.867989e+00,5.680000e+00,5.700000e-02
1.373900e+01,-2.459842e+01,7.817647e+00,5.680000e+00,5.700000e-02
1.374400e+01,-2.455293e+01,7.775771e+00,5.680000e+00,5.700000e-02
1.374800e+01,-2.451649e+01,7.742321e+00,5.680000e+00,5.700000e-02
1.375300e+01,-2.447088e+01,7.700571e+00,5.680000e+00,5.700000e-02
1.375700e+01,-2.443435e+01,7.667221e+00,5.680000e+00,5.700000e-02
1.376200e+01,-2.438863e+01,7.625596e+00,5.680000e+00,5.700000e-02
1.376600e+01,-2.435200e+01,7.592347e+00,5.680000e+00,5.700000e-02
1.377100e+01,-2.430615e+01,7.550848e+00,5.680000e+00,5.700000e-02
1.377500e+01,-2.426943e+01,7.517700e+00,5.680000e+00,5.700000e-02
1.377900e+01,-2.423267e+01,7.484597e+00,5.680000e+00,5.700000e-02
1.378400e+01,-2.418665e+01,7.443281e+00,5.680000e+00,5.700000e-02
1.378800e+01,-2.414980e+01,7.410279e+00,5.680000e+00,5.700000e-02
1.379200e+01,-2.411289e+01,7.377322e+00,5.680000e+00,5.700000e-02
1.379700e+01,-2.406671e+01,7.336190e+00,5.680000e+00,5.700000e-02
1.380000e+01,-2.403897e+01,7.311544e+00,5.680000e+00,5.700000e-02
1.380500e+01,-2.399268e+01,7.270525e+00,5.680000e+00,5.700000e-02
1.380900e+01,-2.395560e+01,7.237761e+00,5.680000e+00,5.700000e-02
1.381400e+01,-2.390920e+01,7.196869e+00,5.680000e+00,5.700000e-02
1.381800e+01,-2.387203e+01,7.164207e+00,5.680000e+00,5.700000e-02
1.382500e+01,-2.380688e+01,7.107159e+00,5.680000e+00,5.700000e-02
1.383000e+01,-2.376027e+01,7.066495e+00,5.680000e+00,5.700000e-02
1.383400e+01,-2.372293e+01,7.034016e+00,5.680000e+00,5.700000e-02
1.383800e+01,-2.368555e+01,7.001582e+00,5.680000e+00,5.700000e-02
1.384300e+01,-2.363877e+01,6.961105e+00,5.680000e+00,5.700000e-02
1.384700e+01,-2.360130e+01,6.928774e+00,5.680000e+00,5.700000e-02
1.385100e+01,-2.356379e+01,6.896490e+00,5.680000e+00,5.700000e-02
1.385500e+01,-2.352624e+01,6.864252e+00,5.680000e+00,5.700000e-02
1.386000e+01,-2.347925e+01,6.824019e+00,5.680000e+00,5.700000e-02
1.386500e+01,-2.343218e+01,6.783858e+00,5.680000e+00,5.700000e-02
1.386900e+01,-2.339449e+01,6.751781e+00,5.680000e+00,5.700000e-02
1.387400e+01,-2.334732e+01,6.711750e+00,5.680000e+00,5.700000e-02
1.387900e+01,-2.330008e+01,6.671792e+00,5.680000e+00,5.700000e-02
1.388300e+01,-2.326224e+01,6.639877e+00,5.680000e+00,5.700000e-02
1.388700e+01,-2.322436e+01,6.608009e+00,5.680000e+00,5.700000e-02
1.389100e+01,-2.318645e+01,6.576187e+00,5.680000e+00,5.700000e-02
1.389500e+01,-2.314849e+01,6.544412e+00,5.680000e+00,5.700000e-02
1.390000e+01,-2.310099e+01,6.504759e+00,5.680000e+00,5.700000e-02
1.390400e+01,-2.306294e+01,6.473089e+00,5.680000e+00,5.700000e-02
1.390900e+01,-2.301532e+01,6.433567e+00,5.680000e+00,5.700000e-02
1.391300e+01,-2.297719e+01,6.402003e+00,5.680000e+00,5.700000e-02
1.391700e+01,-2.293901e+01,6.370485e+00,5.680000e+00,5.700000e-02
1.392200e+01,-2.289123e+01,6.331153e+00,5.680000e+00,5.700000e-02
1.392500e+01,-2.286253e+01,6.307590e+00,5.680000e+00,5.700000e-02
1.392900e+01,-2.282423e+01,6.276213e+00,5.680000e+00,5.700000e-02
1.393200e+01,-2.279548e+01,6.252711e+00,5.680000e+00,5.700000e-02
1.393700e+01,-2.274752e+01,6.213600e+00,5.680000e+00,5.700000e-02
1.394200e+01,-2.269949e+01,6.174563e+00,5.680000e+00,5.700000e-02
1.394700e+01,-2.265140e+01,6.135600e+00,5.680000e+00,5.700000e-02
1.395100e+01,-2.261289e+01,6.104482e+00,5.680000e+00,5.400000e-02
1.395600e+01,-2.256469e+01,6.065651e+00,5.680000e+00,5.100000e-02
1.396200e+01,-2.250678e+01,6.019143e+00,5.680000e+00,4.800000e-02
1.396500e+01,-2.247779e+01,5.995924e+00,5.680000e+00,4.500000e-02
1.397000e+01,-2.242944e+01,5.957275e+00,5.680000e+00,4.200000e-02
1.397400e+01,-2.239072e+01,5.926397e+00,5.680000e+00,3.900000e-02
1.397800e+01,-2.235198e+01,5.895553e+00,5.680000e+00,3.600000e-02
1.398300e+01,-2.230352e+01,5.857041e+00,5.680000e+00,3.300000e-02
1.398700e+01,-2.226472e+01,5.826265e+00,5.680000e+00,3.000000e-02
1.399100e+01,-2.222590e+01,5.795515e+00,5.680000e+00,2.700000e-02
1.399400e+01,-2.219677e+01,5.772468e+00,5.680000e+00,2.400000e-02
1.399900e+01,-2.214820e+01,5.734083e+00,5.680000e+00,2.100000e-02
1.400300e+01,-2.210932e+01,5.703397e+00,5.680000e+00,1.800000e-02
1.400700e+01,-2.207043e+01,5.672727e+00,5.680000e+00,1.500000e-02
1.401200e+01,-2.202180e+01,5.634408e+00,5.680000e+00,1.200000e-02
1.401700e+01,-2.197316e+01,5.596107e+00,5.680000e+00,9.000000e-03
1.402100e+01,-2.193424e+01,5.565476e+00,5.680000e+00,6.000000e-03
1.402500e+01,-2.189531e+01,5.534851e+00,5.680000e+00,3.000000e-03
1.402900e+01,-2.185637e+01,5.504230e+00,5.680000e+00,2.168404e-17
1.403400e+01,-2.180770e+01,5.465954e+00,5.680000e+00,-3.000000e-03
1.404000e+01,-2.174930e+01,5.420020e+00,5.680000e+00,-6.000000e-03
1.404400e+01,-2.171037e+01,5.389393e+00,5.680000e+00,-9.000000e-03
1.404800e+01,-2.167144e+01,5.358759e+00,5.680000e+00,-1.200000e-02
1.405300e+01,-2.162278e+01,5.320453e+00,5.680000e+00,-1.500000e-02
1.405700e+01,-2.158387e+01,5.289795e+00,5.680000e+00,-1.800000e-02
1.406100e+01,-2.154497e+01,5.259123e+00,5.680000e+00,-2.100000e-02
1.406500e+01,-2.150608e+01,5.228435e+00,5.680000e+00,-2.400000e-02
1.406900e+01,-2.146720e+01,5.197727e+00,5.680000e+00,-2.700000e-02
1.407400e+01,-2.141863e+01,5.159311e+00,5.680000e+00,-3.000000e-02
1.407800e+01,-2.137979e+01,5.128551e+00,5.680000e+00,-3.300000e-02
1.408300e+01,-2.133127e+01,5.090063e+00,5.680000e+00,-3.600000e-02
1.408800e+01,-2.128279e+01,5.051529e+00,5.680000e+00,-3.900000e-02
1.409200e+01,-2.124403e+01,5.020665e+00,5.680000e+00,-4.200000e-02
1.409600e+01,-2.120529e+01,4.989768e+00,5.680000e+00,-4.500000e-02
1.410100e+01,-2.115692e+01,4.951093e+00,5.680000e+00,-4.800000e-02
1.410400e+01,-2.112791e+01,4.927859e+00,5.680000e+00,-5.100000e-02
1.410900e+01,-2.107962e+01,4.889083e+00,5.680000e+00,-5.400000e-02
1.411400e+01,-2.103137e+01,4.850237e+00,5.680000e+00,-5.700000e-02
1.411800e+01,-2.099282e+01,4.819108e+00,5.680000e+00,-6.000000e-02
1.412200e+01,-2.095430e+01,4.787929e+00,5.680000e+00,-6.300000e-02
1.412600e+01,-2.091583e+01,4.756698e+00,5.680000e+00,-6.600000e-02
1.413000e+01,-2.087740e+01,4.725413e+00,5.680000e+00,-6.900000e-02
1.413400e+01,-2.083902e+01,4.694071e+00,5.680000e+00,-7.200000e-02
1.413800e+01,-2.080068e+01,4.662669e+00,5.680000e+00,-7.500000e-02
1.414300e+01,-2.075283e+01,4.623330e+00,5.680000e+00,-7.800000e-02
1.414700e+01,-2.071460e+01,4.591787e+00,5.680000e+00,-8.100000e-02
1.415100e+01,-2.067643e+01,4.560177e+00,5.680000e+00,-8.400000e-02
1.415600e+01,-2.062880e+01,4.520567e+00,5.680000e+00,-8.700000e-02
1.416000e+01,-2.059076e+01,4.488799e+00,5.680000e+00,-9.000000e-02
1.416400e+01,-2.055278e+01,4.456957e+00,5.680000e+00,-9.300000e-02
1.416800e+01,-2.051487e+01,4.425039e+00,5.680000e+00,-9.600000e-02
1.417200e+01,-2.047702e+01,4.393042e+00,5.680000e+00,-9.900000e-02
1.417600e+01,-2.043923e+01,4.360964e+00,5.680000e+00,-1.020000e-01
1.418000e+01,-2.040152e+01,4.328803e+00,5.680000e+00,-1.050000e-01
1.418500e+01,-2.035448e+01,4.288481e+00,5.680000e+00,-1.080000e-01
1.418800e+01,-2.032631e+01,4.264222e+00,5.680000e+00,-1.110000e-01
1.419300e+01,-2.027946e+01,4.223678e+00,5.680000e+00,-1.140000e-01
1.419700e+01,-2.024207e+01,4.191138e+00,5.680000e+00,-1.170000e-01
1.420100e+01,-2.020476e+01,4.158503e+00,5.680000e+00,-1.170000e-01
1.420600e+01,-2.015824e+01,4.117575e+00,5.680000e+00,-1.170000e-01
1.421000e+01,-2.012112e+01,4.084724e+00,5.680000e+00,-1.170000e-01
1.421500e+01,-2.007483e+01,4.043526e+00,5.680000e+00,-1.170000e-01
1.421900e+01,-2.003790e+01,4.010460e+00,5.680000e+00,-1.170000e-01
1.422300e+01,-2.000105e+01,3.977300e+00,5.680000e+00,-1.170000e-01
1.422800e+01,-1.995511e+01,3.935715e+00,5.680000e+00,-1.170000e-01
1.423200e+01,-1.991845e+01,3.902341e+00,5.680000e+00,-1.170000e-01
1.423600e+01,-1.988188e+01,3.868872e+00,5.680000e+00,-1.170000e-01
1.424100e+01,-1.983628e+01,3.826903e+00,5.680000e+00,-1.170000e-01
1.424600e+01,-1.979082e+01,3.784788e+00,5.680000e+00,-1.170000e-01
1.425000e+01,-1.975455e+01,3.750990e+00,5.680000e+00,-1.170000e-01
1.425500e+01,-1.970933e+01,3.708611e+00,5.680000e+00,-1.170000e-01
1.425900e+01,-1.967325e+01,3.674603e+00,5.680000e+00,-1.170000e-01
1.426200e+01,-1.964625e+01,3.649036e+00,5.680000e+00,-1.170000e-01
1.426600e+01,-1.961032e+01,3.614866e+00,5.680000e+00,-1.170000e-01
1.427000e+01,-1.957449e+01,3.580603e+00,5.680000e+00,-1.170000e-01
1.427500e+01,-1.952981e+01,3.537644e+00,5.680000e+00,-1.170000e-01
1.427800e+01,-1.950307e+01,3.511799e+00,5.680000e+00,-1.170000e-01
1.428300e+01,-1.945862e+01,3.468610e+00,5.680000e+00,-1.170000e-01
1.428700e+01,-1.942315e+01,3.433956e+00,5.680000e+00,-1.170000e-01
1.429200e+01,-1.937895e+01,3.390509e+00,5.680000e+00,-1.170000e-01
1.429600e+01,-1.934368e+01,3.355650e+00,5.680000e+00,-1.170000e-01
1.429900e+01,-1.931729e+01,3.329445e+00,5.680000e+00,-1.170000e-01
1.430400e+01,-1.927342e+01,3.285658e+00,5.680000e+00,-1.170000e-01
1.430800e+01,-1.923842e+01,3.250526e+00,5.680000e+00,-1.170000e-01
1.431200e+01,-1.920352e+01,3.215304e+00,5.680000e+00,-1.170000e-01
1.431600e+01,-1.916870e+01,3.179991e+00,5.680000e+00,-1.170000e-01
1.431900e+01,-1.914265e+01,3.153448e+00,5.680000e+00,-1.170000e-01
1.432400e+01,-1.909934e+01,3.109098e+00,5.680000e+00,-1.170000e-01
1.432700e+01,-1.907342e+01,3.082421e+00,5.680000e+00,-1.170000e-01
1.433200e+01,-1.903034e+01,3.037847e+00,5.680000e+00,-1.170000e-01
1.433600e+01,-1.899597e+01,3.002088e+00,5.680000e+00,-1.170000e-01
1.434000e+01,-1.896170e+01,2.966241e+00,5.680000e+00,-1.170000e-01
1.434500e+01,-1.891899e+01,2.921307e+00,5.680000e+00,-1.170000e-01
1.434800e+01,-1.889343e+01,2.894281e+00,5.680000e+00,-1.170000e-01
1.435300e+01,-1.885095e+01,2.849128e+00,5.680000e+00,-1.170000e-01
1.435800e+01,-1.880862e+01,2.803837e+00,5.680000e+00,-1.170000e-01
1.436200e+01,-1.877485e+01,2.767506e+00,5.680000e+00,-1.170000e-01
1.436700e+01,-1.873278e+01,2.721971e+00,5.680000e+00,-1.170000e-01
1.437200e+01,-1.869085e+01,2.676299e+00,5.680000e+00,-1.170000e-01
1.437600e+01,-1.865741e+01,2.639665e+00,5.680000e+00,-1.170000e-01
1.438000e+01,-1.862407e+01,2.602944e+00,5.680000e+00,-1.170000e-01
1.438400e+01,-1.859081e+01,2.566137e+00,5.680000e+00,-1.170000e-01
1.438800e+01,-1.855766e+01,2.529245e+00,5.680000e+00,-1.170000e-01
1.439300e+01,-1.851635e+01,2.483009e+00,5.680000e+00,-1.170000e-01
1.439600e+01,-1.849163e+01,2.455204e+00,5.680000e+00,-1.170000e-01
1.440100e+01,-1.845055e+01,2.408755e+00,5.680000e+00,-1.170000e-01
1.440600e+01,-1.840963e+01,2.362174e+00,5.680000e+00,-1.170000e-01
1.441000e+01,-1.837699e+01,2.324814e+00,5.680000e+00,-1.170000e-01
1.441400e+01,-1.834445e+01,2.287370e+00,5.680000e+00,-1.170000e-01
1.441800e+01,-1.831201e+01,2.249842e+00,5.680000e+00,-1.170000e-01
1.442100e+01,-1.828774e+01,2.221641e+00,5.680000e+00,-1.170000e-01
1.442500e+01,-1.825547e+01,2.183966e+00,5.680000e+00,-1.170000e-01
1.443000e+01,-1.821526e+01,2.136756e+00,5.680000e+00,-1.170000e-01
1.443500e+01,-1.817520e+01,2.089416e+00,5.680000e+00,-1.170000e-01
1.443800e+01,-1.815124e+01,2.060951e+00,5.680000e+00,-1.170000e-01
1.444300e+01,-1.811143e+01,2.013404e+00,5.680000e+00,-1.170000e-01
1.444900e+01,-1.806385e+01,1.956180e+00,5.680000e+00,-1.170000e-01
1.445300e+01,-1.803226e+01,1.917928e+00,5.680000e+00,-1.170000e-01
1.445700e+01,-1.800076e+01,1.879594e+00,5.680000e+00,-1.170000e-01
1.446200e+01,-1.796153e+01,1.831563e+00,5.680000e+00,-1.170000e-01
1.446600e+01,-1.793025e+01,1.793046e+00,5.680000e+00,-1.170000e-01
1.447000e+01,-1.789908e+01,1.754450e+00,5.680000e+00,-1.170000e-01
1.447500e+01,-1.786024e+01,1.706090e+00,5.680000e+00,-1.170000e-01
1.447900e+01,-1.782929e+01,1.667313e+00,5.680000e+00,-1.170000e-01
1.448400e+01,-1.779074e+01,1.618729e+00,5.680000e+00,-1.170000e-01
1.448800e+01,-1.776001e+01,1.579772e+00,5.680000e+00,-1.170000e-01
1.449300e+01,-1.772173e+01,1.530964e+00,5.680000e+00,-1.170000e-01
1.449700e+01,-1.769123e+01,1.491829e+00,5.680000e+00,-1.170000e-01
1.450300e+01,-1.764566e+01,1.432979e+00,5.680000e+00,-1.170000e-01
1.450700e+01,-1.761540e+01,1.393648e+00,5.680000e+00,-1.170000e-01
1.451100e+01,-1.758525e+01,1.354238e+00,5.680000e+00,-1.170000e-01
1.451400e+01,-1.756270e+01,1.324630e+00,5.680000e+00,-1.170000e-01
1.451800e+01,-1.753272e+01,1.285084e+00,5.680000e+00,-1.170000e-01
1.452300e+01,-1.749539e+01,1.235544e+00,5.680000e+00,-1.170000e-01
1.452800e+01,-1.745822e+01,1.185883e+00,5.680000e+00,-1.170000e-01
1.453300e+01,-1.742121e+01,1.136102e+00,5.680000e+00,-1.170000e-01
1.453800e+01,-1.738436e+01,1.086202e+00,5.680000e+00,-1.170000e-01
1.454200e+01,-1.735500e+01,1.046196e+00,5.680000e+00,-1.170000e-01
1.454700e+01,-1.731843e+01,9.960818e-01,5.680000e+00,-1.170000e-01
1.455200e+01,-1.728203e+01,9.458500e-01,5.680000e+00,-1.170000e-01
1.455600e+01,-1.725302e+01,9.055800e-01,5.680000e+00,-1.170000e-01
1.456200e+01,-1.720971e+01,8.450347e-01,5.680000e+00,-1.140000e-01
1.456700e+01,-1.717379e+01,7.944534e-01,5.680000e+00,-1.110000e-01
1.457100e+01,-1.714517e+01,7.539078e-01,5.680000e+00,-1.080000e-01
1.457500e+01,-1.711664e+01,7.132927e-01,5.680000e+00,-1.050000e-01
1.457900e+01,-1.708821e+01,6.726104e-01,5.680000e+00,-1.020000e-01
1.458300e+01,-1.705987e+01,6.318629e-01,5.680000e+00,-9.900000e-02
1.458800e+01,-1.702457e+01,5.808400e-01,5.680000e+00,-9.600000e-02
1.459200e+01,-1.699644e+01,5.399530e-01,5.680000e+00,-9.300000e-02
1.459600e+01,-1.696838e+01,4.990071e-01,5.680000e+00,-9.000000e-02
1.460100e+01,-1.693343e+01,4.477448e-01,5.680000e+00,-8.700000e-02
1.460500e+01,-1.690556e+01,4.066732e-01,5.680000e+00,-8.400000e-02
1.461000e+01,-1.687083e+01,3.552596e-01,5.680000e+00,-8.100000e-02
1.461500e+01,-1.683621e+01,3.037665e-01,5.680000e+00,-7.800000e-02
1.461900e+01,-1.680860e+01,2.625170e-01,5.680000e+00,-7.500000e-02
1.462300e+01,-1.678106e+01,2.212206e-01,5.680000e+00,-7.200000e-02
1.462600e+01,-1.676044e+01,1.902187e-01,5.680000e+00,-6.900000e-02
1.463000e+01,-1.673301e+01,1.488451e-01,5.680000e+00,-6.600000e-02
1.463400e+01,-1.670565e+01,1.074304e-01,5.680000e+00,-6.300000e-02
1.463900e+01,-1.667152e+01,5.560688e-02,5.680000e+00,-6.000000e-02
1.464400e+01,-1.663748e+01,3.725008e-03,5.680000e+00,-5.700000e-02
1.464900e+01,-1.660352e+01,-4.821229e-02,5.680000e+00,-5.400000e-02
1.465300e+01,-1.657642e+01,-8.980007e-02,5.680000e+00,-5.100000e-02
1.465700e+01,-1.654936e+01,-1.314197e-01,5.680000e+00,-4.800000e-02
1.466100e+01,-1.652234e+01,-1.730692e-01,5.680000e+00,-4.500000e-02
1.466600e+01,-1.648863e+01,-2.251706e-01,5.680000e+00,-4.200000e-02
1.467100e+01,-1.645498e+01,-2.773130e-01,5.680000e+00,-3.900000e-02
1.467500e+01,-1.642811e+01,-3.190546e-01,5.680000e+00,-3.600000e-02
1.467900e+01,-1.640127e+01,-3.608189e-01,5.680000e+00,-3.300000e-02
1.468400e+01,-1.636776e+01,-4.130535e-01,5.680000e+00,-3.000000e-02
1.468900e+01,-1.633430e+01,-4.653179e-01,5.680000e+00,-2.700000e-02
1.469300e+01,-1.630755e+01,-5.071491e-01,5.680000e+00,-2.400000e-02
1.469700e+01,-1.628084e+01,-5.489958e-01,5.680000e+00,-2.100000e-02
1.470100e+01,-1.625414e+01,-5.908564e-01,5.680000e+00,-1.800000e-02
1.470600e+01,-1.622079e+01,-6.431988e-01,5.680000e+00,-1.500000e-02
1.471200e+01,-1.618081e+01,-7.060307e-01,5.680000e+00,-1.200000e-02
1.471600e+01,-1.615417e+01,-7.479294e-01,5.680000e+00,-9.000000e-03
1.472000e+01,-1.612754e+01,-7.898349e-01,5.680000e+00,-6.000000e-03
1.472400e+01,-1.610091e+01,-8.317454e-01,5.680000e+00,-3.000000e-03
1.472900e+01,-1.606764e+01,-8.841380e-01,5.680000e+00,1.994932e-17
1.473300e+01,-1.604102e+01,-9.260539e-01,5.680000e+00,3.000000e-03
1.473700e+01,-1.601440e+01,-9.679695e-01,5.680000e+00,6.000000e-03
1.474200e+01,-1.598112e+01,-1.020361e+00,5.680000e+00,6.000000e-03
1.474900e+01,-1.593452e+01,-1.093701e+00,5.680000e+00,6.000000e-03
1.475400e+01,-1.590121e+01,-1.146081e+00,5.680000e+00,6.000000e-03
1.475800e+01,-1.587457e+01,-1.187982e+00,5.680000e+00,6.000000e-03
1.476300e+01,-1.584125e+01,-1.240354e+00,5.680000e+00,6.000000e-03
1.476600e+01,-1.582125e+01,-1.271774e+00,5.680000e+00,6.000000e-03
1.477100e+01,-1.578792e+01,-1.324138e+00,5.680000e+00,6.000000e-03
1.477600e+01,-1.575458e+01,-1.376497e+00,5.680000e+00,6.000000e-03
1.478100e+01,-1.572123e+01,-1.428851e+00,5.680000e+00,6.000000e-03
1.478500e+01,-1.569454e+01,-1.470731e+00,5.680000e+00,6.000000e-03
1.479000e+01,-1.566118e+01,-1.523076e+00,5.680000e+00,6.000000e-03
1.479400e+01,-1.563448e+01,-1.564949e+00,5.680000e+00,6.000000e-03
1.479800e+01,-1.560777e+01,-1.606819e+00,5.680000e+00,6.000000e-03
1.480200e+01,-1.558106e+01,-1.648686e+00,5.680000e+00,6.000000e-03
1.480600e+01,-1.555435e+01,-1.690549e+00,5.680000e+00,6.000000e-03
1.481100e+01,-1.552094e+01,-1.742875e+00,5.680000e+00,6.000000e-03
1.481500e+01,-1.549421e+01,-1.784731e+00,5.680000e+00,6.000000e-03
1.481900e+01,-1.546748e+01,-1.826585e+00,5.680000e+00,6.000000e-03
1.482400e+01,-1.543405e+01,-1.878897e+00,5.680000e+00,6.000000e-03
1.482900e+01,-1.540061e+01,-1.931205e+00,5.680000e+00,6.000000e-03
1.483300e+01,-1.537386e+01,-1.973048e+00,5.680000e+00,6.000000e-03
1.483800e+01,-1.534040e+01,-2.025347e+00,5.680000e+00,6.000000e-03
1.484200e+01,-1.531364e+01,-2.067182e+00,5.680000e+00,6.000000e-03
1.484700e+01,-1.528017e+01,-2.119472e+00,5.680000e+00,6.000000e-03
1.485200e+01,-1.524669e+01,-2.171758e+00,5.680000e+00,6.000000e-03
1.485600e+01,-1.521990e+01,-2.213582e+00,5.680000e+00,6.000000e-03
1.486000e+01,-1.519311e+01,-2.255404e+00,5.680000e+00,6.000000e-03
1.486500e+01,-1.515961e+01,-2.307677e+00,5.680000e+00,6.000000e-03
1.486900e+01,-1.513280e+01,-2.349491e+00,5.680000e+00,6.000000e-03
1.487300e+01,-1.510598e+01,-2.391303e+00,5.680000e+00,6.000000e-03
1.487600e+01,-1.508587e+01,-2.422659e+00,5.680000e+00,6.000000e-03
1.488100e+01,-1.505234e+01,-2.474916e+00,5.680000e+00,6.000000e-03
1.488600e+01,-1.501880e+01,-2.527168e+00,5.680000e+00,6.000000e-03
1.489100e+01,-1.498526e+01,-2.579415e+00,5.680000e+00,6.000000e-03
1.489500e+01,-1.495841e+01,-2.621209e+00,5.680000e+00,6.000000e-03
1.489900e+01,-1.493156e+01,-2.663000e+00,5.680000e+00,6.000000e-03
1.490400e+01,-1.489799e+01,-2.715235e+00,5.680000e+00,6.000000e-03
1.490900e+01,-1.486441e+01,-2.767464e+00,5.680000e+00,6.000000e-03
1.491400e+01,-1.483082e+01,-2.819689e+00,5.680000e+00,6.000000e-03
1.491800e+01,-1.480394e+01,-2.861465e+00,5.680000e+00,6.000000e-03
1.492200e+01,-1.477706e+01,-2.903238e+00,5.680000e+00,6.000000e-03
1.492700e+01,-1.474345e+01,-2.955449e+00,5.680000e+00,6.000000e-03
1.493000e+01,-1.472328e+01,-2.986774e+00,5.680000e+00,6.000000e-03
1.493400e+01,-1.469638e+01,-3.028537e+00,5.680000e+00,6.000000e-03
1.493900e+01,-1.466274e+01,-3.080737e+00,5.680000e+00,6.000000e-03
1.494300e+01,-1.463583e+01,-3.122494e+00,5.680000e+00,6.000000e-03
1.494800e+01,-1.460218e+01,-3.174685e+00,5.680000e+00,6.000000e-03
1.495200e+01,-1.457525e+01,-3.216434e+00,5.680000e+00,6.000000e-03
1.495600e+01,-1.454832e+01,-3.258180e+00,5.680000e+00,6.000000e-03
1.496200e+01,-1.450791e+01,-3.320793e+00,5.680000e+00,6.000000e-03
1.496600e+01,-1.448097e+01,-3.362531e+00,5.680000e+00,6.000000e-03
1.497000e+01,-1.445401e+01,-3.404266e+00,5.680000e+00,6.000000e-03
1.497400e+01,-1.442706e+01,-3.445997e+00,5.680000e+00,6.000000e-03
1.497900e+01,-1.439335e+01,-3.498158e+00,5.680000e+00,6.000000e-03
1.498400e+01,-1.435964e+01,-3.550313e+00,5.680000e+00,6.000000e-03
1.498900e+01,-1.432591e+01,-3.602463e+00,5.680000e+00,6.000000e-03
1.499300e+01,-1.429893e+01,-3.644179e+00,5.680000e+00,6.000000e-03
1.499700e+01,-1.427194e+01,-3.685893e+00,5.680000e+00,6.000000e-03
1.500100e+01,-1.424494e+01,-3.727603e+00,5.680000e+00,6.000000e-03
1.500500e+01,-1.421794e+01,-3.769310e+00,5.680000e+00,6.000000e-03
1.500900e+01,-1.419093e+01,-3.811014e+00,5.680000e+00,6.000000e-03
1.501300e+01,-1.416392e+01,-3.852714e+00,5.680000e+00,6.000000e-03
1.501600e+01,-1.414366e+01,-3.883988e+00,5.680000e+00,6.000000e-03
1.502100e+01,-1.410988e+01,-3.936106e+00,5.680000e+00,6.000000e-03
1.502500e+01,-1.408285e+01,-3.977797e+00,5.680000e+00,6.000000e-03
1.502900e+01,-1.405581e+01,-4.019485e+00,5.680000e+00,6.000000e-03
1.503300e+01,-1.402877e+01,-4.061169e+00,5.680000e+00,6.000000e-03
1.503700e+01,-1.400172e+01,-4.102851e+00,5.680000e+00,6.000000e-03
1.504200e+01,-1.396790e+01,-4.154948e+00,5.680000e+00,6.000000e-03
1.504600e+01,-1.394084e+01,-4.196622e+00,5.680000e+00,6.000000e-03
1.505000e+01,-1.391378e+01,-4.238293e+00,5.680000e+00,6.000000e-03
1.505500e+01,-1.387994e+01,-4.290377e+00,5.680000e+00,6.000000e-03
1.506000e+01,-1.384609e+01,-4.342456e+00,5.680000e+00,6.000000e-03
1.506500e+01,-1.381223e+01,-4.394530e+00,5.680000e+00,6.000000e-03
1.506900e+01,-1.378514e+01,-4.436185e+00,5.680000e+00,6.000000e-03
1.507300e+01,-1.375804e+01,-4.477838e+00,5.680000e+00,6.000000e-03
1.507700e+01,-1.373093e+01,-4.519487e+00,5.680000e+00,6.000000e-03
1.508200e+01,-1.369705e+01,-4.571544e+00,5.680000e+00,6.000000e-03
1.508500e+01,-1.367671e+01,-4.602775e+00,5.680000e+00,6.000000e-03
1.509000e+01,-1.364281e+01,-4.654824e+00,5.680000e+00,6.000000e-03
1.509500e+01,-1.360890e+01,-4.706868e+00,5.680000e+00,6.000000e-03
1.510000e+01,-1.357497e+01,-4.758907e+00,5.680000e+00,6.000000e-03
1.510400e+01,-1.354783e+01,-4.800534e+00,5.680000e+00,6.000000e-03
1.510900e+01,-1.351390e+01,-4.852563e+00,5.680000e+00,6.000000e-03
1.511400e+01,-1.347995e+01,-4.904588e+00,5.680000e+00,6.000000e-03
1.511800e+01,-1.345279e+01,-4.946204e+00,5.680000e+00,6.000000e-03
1.512300e+01,-1.341883e+01,-4.998219e+00,5.680000e+00,6.000000e-03
1.512700e+01,-1.339165e+01,-5.039828e+00,5.680000e+00,9.000000e-03
1.513300e+01,-1.335088e+01,-5.102233e+00,5.680000e+00,1.200000e-02
1.513800e+01,-1.331688e+01,-5.154227e+00,5.680000e+00,1.500000e-02
1.514200e+01,-1.328967e+01,-5.195815e+00,5.680000e+00,1.800000e-02
1.514800e+01,-1.324882e+01,-5.258178e+00,5.680000e+00,2.100000e-02
1.515200e+01,-1.322157e+01,-5.299739e+00,5.680000e+00,2.400000e-02
1.515800e+01,-1.318066e+01,-5.362057e+00,5.680000e+00,2.700000e-02
1.516300e+01,-1.314652e+01,-5.413963e+00,5.680000e+00,3.000000e-02
1.516900e+01,-1.310550e+01,-5.476216e+00,5.680000e+00,3.300000e-02
1.517300e+01,-1.307812e+01,-5.517696e+00,5.680000e+00,3.600000e-02
1.517800e+01,-1.304386e+01,-5.569516e+00,5.680000e+00,3.900000e-02
1.518200e+01,-1.301640e+01,-5.610948e+00,5.680000e+00,4.200000e-02
1.518700e+01,-1.298203e+01,-5.662704e+00,5.680000e+00,4.500000e-02
1.519300e+01,-1.294071e+01,-5.724758e+00,5.680000e+00,4.800000e-02
1.519700e+01,-1.291311e+01,-5.766093e+00,5.680000e+00,5.100000e-02
1.520100e+01,-1.288546e+01,-5.807399e+00,5.680000e+00,5.400000e-02
1.520600e+01,-1.285084e+01,-5.858987e+00,5.680000e+00,5.700000e-02
1.521100e+01,-1.281614e+01,-5.910522e+00,5.680000e+00,6.000000e-02
1.521500e+01,-1.278832e+01,-5.951712e+00,5.680000e+00,6.300000e-02
1.522000e+01,-1.275346e+01,-6.003146e+00,5.680000e+00,6.600000e-02
1.522400e+01,-1.272551e+01,-6.044250e+00,5.680000e+00,6.900000e-02
1.522800e+01,-1.269750e+01,-6.085312e+00,5.680000e+00,7.200000e-02
1.523300e+01,-1.266240e+01,-6.136580e+00,5.680000e+00,7.500000e-02
1.523700e+01,-1.263425e+01,-6.177544e+00,5.680000e+00,7.800000e-02
1.524100e+01,-1.260602e+01,-6.218462e+00,5.680000e+00,8.100000e-02
1.524500e+01,-1.257773e+01,-6.259330e+00,5.680000e+00,8.400000e-02
1.524900e+01,-1.254936e+01,-6.300148e+00,5.680000e+00,8.700000e-02
1.525300e+01,-1.252091e+01,-6.340913e+00,5.680000e+00,9.000000e-02
1.525700e+01,-1.249239e+01,-6.381623e+00,5.680000e+00,9.300000e-02
1.526200e+01,-1.245662e+01,-6.432430e+00,5.680000e+00,9.600000e-02
1.526600e+01,-1.242791e+01,-6.473010e+00,5.680000e+00,9.900000e-02
1.526900e+01,-1.240632e+01,-6.503405e+00,5.680000e+00,1.020000e-01
1.527300e+01,-1.237745e+01,-6.543876e+00,5.680000e+00,1.050000e-01
1.527700e+01,-1.234850e+01,-6.584282e+00,5.680000e+00,1.080000e-01
1.528100e+01,-1.231945e+01,-6.624620e+00,5.680000e+00,1.110000e-01
1.528500e+01,-1.229030e+01,-6.664889e+00,5.680000e+00,1.140000e-01
1.528900e+01,-1.226105e+01,-6.705086e+00,5.680000e+00,1.170000e-01
1.529300e+01,-1.223170e+01,-6.745210e+00,5.680000e+00,1.200000e-01
1.529700e+01,-1.220225e+01,-6.785257e+00,5.680000e+00,1.230000e-01
1.530200e+01,-1.216528e+01,-6.835205e+00,5.680000e+00,1.260000e-01
1.530500e+01,-1.214302e+01,-6.865114e+00,5.680000e+00,1.290000e-01
1.531000e+01,-1.210578e+01,-6.914858e+00,5.680000e+00,1.320000e-01
1.531500e+01,-1.206836e+01,-6.964468e+00,5.680000e+00,1.350000e-01
1.531900e+01,-1.203829e+01,-7.004058e+00,5.680000e+00,1.380000e-01
1.532400e+01,-1.200054e+01,-7.053418e+00,5.680000e+00,1.410000e-01
1.532900e+01,-1.196259e+01,-7.102633e+00,5.680000e+00,1.440000e-01
1.533300e+01,-1.193210e+01,-7.141899e+00,5.680000e+00,1.470000e-01
1.533800e+01,-1.189381e+01,-7.190843e+00,5.680000e+00,1.500000e-01
1.534100e+01,-1.187074e+01,-7.220135e+00,5.680000e+00,1.530000e-01
1.534500e+01,-1.183986e+01,-7.259101e+00,5.680000e+00,1.560000e-01
1.534900e+01,-1.180885e+01,-7.297962e+00,5.680000e+00,1.590000e-01
1.535300e+01,-1.177771e+01,-7.336715e+00,5.680000e+00,1.620000e-01
1.535800e+01,-1.173859e+01,-7.385002e+00,5.680000e+00,1.650000e-01
1.536200e+01,-1.170713e+01,-7.423504e+00,5.680000e+00,1.680000e-01
1.536600e+01,-1.167554e+01,-7.461891e+00,5.680000e+00,1.710000e-01
1.537000e+01,-1.164380e+01,-7.500159e+00,5.680000e+00,1.740000e-01
1.537300e+01,-1.161990e+01,-7.528782e+00,5.680000e+00,1.770000e-01
1.537800e+01,-1.157988e+01,-7.576331e+00,5.680000e+00,1.800000e-01
1.538200e+01,-1.154770e+01,-7.614228e+00,5.680000e+00,1.830000e-01
1.538600e+01,-1.151536e+01,-7.651996e+00,5.680000e+00,1.860000e-01
1.539000e+01,-1.148288e+01,-7.689632e+00,5.680000e+00,1.890000e-01
1.539500e+01,-1.144204e+01,-7.736487e+00,5.680000e+00,1.920000e-01
1.540000e+01,-1.140097e+01,-7.783127e+00,5.680000e+00,1.950000e-01
1.540400e+01,-1.136793e+01,-7.820280e+00,5.680000e+00,1.980000e-01
1.540900e+01,-1.132640e+01,-7.866519e+00,5.680000e+00,2.010000e-01
1.541400e+01,-1.128461e+01,-7.912528e+00,5.680000e+00,2.040000e-01
1.541800e+01,-1.125100e+01,-7.949166e+00,5.680000e+00,2.070000e-01
1.542200e+01,-1.121722e+01,-7.985651e+00,5.680000e+00,2.100000e-01
1.542700e+01,-1.117476e+01,-8.031037e+00,5.680000e+00,2.130000e-01
1.543000e+01,-1.114915e+01,-8.058149e+00,5.680000e+00,2.160000e-01
1.543600e+01,-1.109765e+01,-8.112098e+00,5.680000e+00,2.190000e-01
1.543900e+01,-1.107175e+01,-8.138932e+00,5.680000e+00,2.220000e-01
1.544400e+01,-1.102837e+01,-8.183444e+00,5.680000e+00,2.250000e-01
1.544800e+01,-1.099347e+01,-8.218859e+00,5.680000e+00,2.280000e-01
1.545200e+01,-1.095839e+01,-8.254098e+00,5.680000e+00,2.310000e-01
1.545600e+01,-1.092313e+01,-8.289158e+00,5.680000e+00,2.340000e-01
1.546000e+01,-1.088769e+01,-8.324034e+00,5.680000e+00,2.370000e-01
1.546400e+01,-1.085206e+01,-8.358725e+00,5.680000e+00,2.400000e-01
1.546900e+01,-1.080727e+01,-8.401821e+00,5.680000e+00,2.430000e-01
1.547300e+01,-1.077123e+01,-8.436080e+00,5.680000e+00,2.460000e-01
1.547800e+01,-1.072592e+01,-8.478627e+00,5.680000e+00,2.490000e-01
1.548200e+01,-1.068946e+01,-8.512439e+00,5.680000e+00,2.520000e-01
1.548600e+01,-1.065281e+01,-8.546046e+00,5.680000e+00,2.550000e-01
1.549000e+01,-1.061597e+01,-8.579446e+00,5.680000e+00,2.580000e-01
1.549400e+01,-1.057894e+01,-8.612633e+00,5.680000e+00,2.610000e-01
1.549800e+01,-1.054171e+01,-8.645606e+00,5.680000e+00,2.640000e-01
1.550300e+01,-1.049491e+01,-8.686512e+00,5.680000e+00,2.670000e-01
1.550700e+01,-1.045725e+01,-8.718987e+00,5.680000e+00,2.700000e-01
1.551100e+01,-1.041939e+01,-8.751234e+00,5.680000e+00,2.730000e-01
1.551600e+01,-1.037180e+01,-8.791218e+00,5.680000e+00,2.760000e-01
1.552000e+01,-1.033350e+01,-8.822942e+00,5.680000e+00,2.760000e-01
1.552700e+01,-1.026601e+01,-8.877883e+00,5.680000e+00,2.760000e-01
1.553200e+01,-1.021744e+01,-8.916677e+00,5.680000e+00,2.760000e-01
1.553500e+01,-1.018816e+01,-8.939773e+00,5.680000e+00,2.760000e-01
1.554000e+01,-1.013911e+01,-8.977962e+00,5.680000e+00,2.760000e-01
1.554500e+01,-1.008976e+01,-9.015769e+00,5.680000e+00,2.760000e-01
1.554900e+01,-1.005008e+01,-9.045739e+00,5.680000e+00,2.760000e-01
1.555400e+01,-1.000021e+01,-9.082855e+00,5.680000e+00,2.760000e-01
1.556000e+01,-9.939993e+00,-9.126881e+00,5.680000e+00,2.760000e-01
1.556400e+01,-9.899620e+00,-9.155920e+00,5.680000e+00,2.760000e-01
1.556800e+01,-9.859067e+00,-9.184709e+00,5.680000e+00,2.760000e-01
1.557400e+01,-9.797905e+00,-9.227418e+00,5.680000e+00,2.760000e-01
1.557900e+01,-9.746634e+00,-9.262573e+00,5.680000e+00,2.760000e-01
1.558300e+01,-9.705421e+00,-9.290411e+00,5.680000e+00,2.760000e-01
1.558800e+01,-9.653664e+00,-9.324847e+00,5.680000e+00,2.760000e-01
1.559300e+01,-9.601641e+00,-9.358881e+00,5.680000e+00,2.760000e-01
1.559700e+01,-9.559833e+00,-9.385818e+00,5.680000e+00,2.760000e-01
1.560200e+01,-9.507339e+00,-9.419122e+00,5.680000e+00,2.760000e-01
1.560600e+01,-9.465159e+00,-9.445473e+00,5.680000e+00,2.760000e-01
1.561000e+01,-9.422816e+00,-9.471561e+00,5.680000e+00,2.760000e-01
1.561500e+01,-9.369660e+00,-9.503801e+00,5.680000e+00,2.760000e-01
1.561900e+01,-9.326956e+00,-9.529296e+00,5.680000e+00,2.760000e-01
1.562300e+01,-9.284094e+00,-9.554525e+00,5.680000e+00,2.760000e-01
1.562700e+01,-9.241077e+00,-9.579488e+00,5.680000e+00,2.760000e-01
1.563100e+01,-9.197905e+00,-9.604184e+00,5.680000e+00,2.760000e-01
1.563600e+01,-9.143726e+00,-9.634676e+00,5.680000e+00,2.760000e-01
1.563900e+01,-9.111105e+00,-9.652770e+00,5.680000e+00,2.760000e-01
1.564500e+01,-9.045613e+00,-9.688501e+00,5.680000e+00,2.760000e-01
1.565000e+01,-8.990783e+00,-9.717810e+00,5.680000e+00,2.760000e-01
1.565400e+01,-8.946757e+00,-9.740950e+00,5.680000e+00,2.760000e-01
1.565800e+01,-8.902587e+00,-9.763817e+00,5.680000e+00,2.760000e-01
1.566300e+01,-8.847177e+00,-9.792015e+00,5.680000e+00,2.760000e-01
1.566700e+01,-8.802692e+00,-9.814263e+00,5.680000e+00,2.760000e-01
1.567100e+01,-8.758069e+00,-9.836235e+00,5.680000e+00,2.760000e-01
1.567400e+01,-8.724513e+00,-9.852532e+00,5.680000e+00,2.760000e-01
1.567900e+01,-8.668419e+00,-9.879346e+00,5.680000e+00,2.760000e-01
1.568400e+01,-8.612117e+00,-9.905725e+00,5.680000e+00,2.760000e-01
1.568900e+01,-8.555613e+00,-9.931666e+00,5.680000e+00,2.760000e-01
1.569300e+01,-8.510266e+00,-9.952103e+00,5.680000e+00,2.760000e-01
1.569800e+01,-8.453404e+00,-9.977253e+00,5.680000e+00,2.760000e-01
1.570200e+01,-8.407775e+00,-9.997055e+00,5.680000e+00,2.760000e-01
1.570700e+01,-8.350567e+00,-1.002141e+01,5.680000e+00,2.760000e-01
1.571100e+01,-8.304665e+00,-1.004057e+01,5.680000e+00,2.760000e-01
1.571600e+01,-8.247122e+00,-1.006412e+01,5.680000e+00,2.760000e-01
1.572000e+01,-8.200957e+00,-1.008264e+01,5.680000e+00,2.760000e-01
1.572500e+01,-8.143090e+00,-1.010539e+01,5.680000e+00,2.760000e-01
1.572900e+01,-8.096670e+00,-1.012327e+01,5.680000e+00,2.760000e-01
1.573300e+01,-8.050140e+00,-1.014085e+01,5.680000e+00,2.760000e-01
1.573700e+01,-8.003502e+00,-1.015815e+01,5.680000e+00,2.760000e-01
1.574200e+01,-7.945054e+00,-1.017936e+01,5.680000e+00,2.760000e-01
1.574700e+01,-7.886443e+00,-1.020012e+01,5.680000e+00,2.760000e-01
1.575100e+01,-7.839439e+00,-1.021640e+01,5.680000e+00,2.760000e-01
1.575600e+01,-7.780543e+00,-1.023634e+01,5.680000e+00,2.760000e-01
1.576000e+01,-7.733316e+00,-1.025196e+01,5.680000e+00,2.760000e-01
1.576300e+01,-7.697832e+00,-1.026349e+01,5.680000e+00,2.760000e-01
1.576700e+01,-7.650437e+00,-1.027860e+01,5.680000e+00,2.760000e-01
1.577200e+01,-7.591064e+00,-1.029707e+01,5.680000e+00,2.760000e-01
1.577600e+01,-7.543462e+00,-1.031151e+01,5.680000e+00,2.760000e-01
1.577900e+01,-7.507703e+00,-1.032215e+01,5.680000e+00,2.760000e-01
1.578400e+01,-7.447994e+00,-1.033951e+01,5.680000e+00,2.760000e-01
1.578900e+01,-7.388153e+00,-1.035641e+01,5.680000e+00,2.760000e-01
1.579400e+01,-7.328182e+00,-1.037285e+01,5.680000e+00,2.760000e-01
1.579800e+01,-7.280114e+00,-1.038566e+01,5.680000e+00,2.760000e-01
1.580300e+01,-7.219918e+00,-1.040126e+01,5.680000e+00,2.760000e-01
1.580700e+01,-7.171676e+00,-1.041340e+01,5.680000e+00,2.760000e-01
1.581100e+01,-7.123359e+00,-1.042524e+01,5.680000e+00,2.760000e-01
1.581600e+01,-7.062860e+00,-1.043962e+01,5.680000e+00,2.760000e-01
1.582000e+01,-7.014382e+00,-1.045078e+01,5.680000e+00,2.760000e-01
1.582500e+01,-6.953687e+00,-1.046431e+01,5.680000e+00,2.760000e-01
1.582900e+01,-6.905057e+00,-1.047480e+01,5.680000e+00,2.760000e-01
1.583300e+01,-6.856363e+00,-1.048498e+01,5.680000e+00,2.760000e-01
1.583700e+01,-6.807606e+00,-1.049487e+01,5.680000e+00,2.760000e-01
1.584200e+01,-6.746575e+00,-1.050679e+01,5.680000e+00,2.760000e-01
1.584600e+01,-6.697684e+00,-1.051599e+01,5.680000e+00,2.760000e-01
1.585200e+01,-6.624243e+00,-1.052923e+01,5.680000e+00,2.760000e-01
1.585800e+01,-6.550682e+00,-1.054177e+01,5.680000e+00,2.760000e-01
1.586100e+01,-6.513858e+00,-1.054779e+01,5.680000e+00,2.760000e-01
1.586700e+01,-6.440127e+00,-1.055931e+01,5.680000e+00,2.760000e-01
1.587100e+01,-6.390915e+00,-1.056660e+01,5.680000e+00,2.760000e-01
1.587500e+01,-6.341659e+00,-1.057360e+01,5.680000e+00,2.760000e-01
1.588000e+01,-6.280028e+00,-1.058191e+01,5.680000e+00,2.760000e-01
1.588500e+01,-6.218335e+00,-1.058974e+01,5.680000e+00,2.760000e-01
1.588900e+01,-6.168937e+00,-1.059566e+01,5.680000e+00,2.760000e-01
1.589400e+01,-6.107140e+00,-1.060263e+01,5.680000e+00,2.760000e-01
1.589800e+01,-6.057664e+00,-1.060786e+01,5.680000e+00,2.760000e-01
1.590200e+01,-6.008156e+00,-1.061278e+01,5.680000e+00,2.760000e-01
1.590700e+01,-5.946230e+00,-1.061850e+01,5.680000e+00,2.760000e-01
1.591100e+01,-5.896658e+00,-1.062273e+01,5.680000e+00,2.760000e-01
1.591600e+01,-5.834658e+00,-1.062759e+01,5.680000e+00,2.760000e-01
1.592100e+01,-5.772621e+00,-1.063196e+01,5.680000e+00,2.760000e-01
1.592500e+01,-5.722968e+00,-1.063511e+01,5.680000e+00,2.760000e-01
1.593000e+01,-5.660875e+00,-1.063862e+01,5.680000e+00,2.760000e-01
1.593500e+01,-5.598757e+00,-1.064165e+01,5.680000e+00,2.760000e-01
1.594000e+01,-5.536617e+00,-1.064419e+01,5.680000e+00,2.760000e-01
1.594500e+01,-5.474459e+00,-1.064625e+01,5.680000e+00,2.760000e-01
1.594900e+01,-5.424722e+00,-1.064755e+01,5.680000e+00,2.760000e-01
1.595300e+01,-5.374978e+00,-1.064855e+01,5.680000e+00,2.730000e-01
1.595900e+01,-5.300352e+00,-1.064946e+01,5.680000e+00,2.700000e-01
1.596300e+01,-5.250597e+00,-1.064969e+01,5.680000e+00,2.670000e-01
1.596800e+01,-5.188404e+00,-1.064955e+01,5.680000e+00,2.640000e-01
1.597200e+01,-5.138650e+00,-1.064911e+01,5.680000e+00,2.610000e-01
1.597600e+01,-5.088900e+00,-1.064837e+01,5.680000e+00,2.580000e-01
1.598200e+01,-5.014285e+00,-1.064672e+01,5.680000e+00,2.550000e-01
1.598800e+01,-4.939686e+00,-1.064443e+01,5.680000e+00,2.520000e-01
1.599300e+01,-4.877537e+00,-1.064204e+01,5.680000e+00,2.490000e-01
1.599900e+01,-4.802982e+00,-1.063859e+01,5.680000e+00,2.460000e-01
1.600400e+01,-4.740877e+00,-1.063524e+01,5.680000e+00,2.430000e-01
1.600900e+01,-4.678795e+00,-1.063146e+01,5.680000e+00,2.400000e-01
1.601400e+01,-4.616740e+00,-1.062727e+01,5.680000e+00,2.370000e-01
1.601800e+01,-4.567117e+00,-1.062361e+01,5.680000e+00,2.340000e-01
1.602500e+01,-4.480324e+00,-1.061659e+01,5.680000e+00,2.310000e-01
1.603000e+01,-4.418370e+00,-1.061109e+01,5.680000e+00,2.280000e-01
1.603500e+01,-4.356453e+00,-1.060520e+01,5.680000e+00,2.250000e-01
1.603900e+01,-4.306946e+00,-1.060020e+01,5.680000e+00,2.220000e-01
1.604400e+01,-4.245098e+00,-1.059360e+01,5.680000e+00,2.190000e-01
1.604900e+01,-4.183292e+00,-1.058663e+01,5.680000e+00,2.160000e-01
1.605400e+01,-4.121529e+00,-1.057928e+01,5.680000e+00,2.130000e-01
1.605700e+01,-4.084492e+00,-1.057469e+01,5.680000e+00,2.100000e-01
1.606200e+01,-4.022801e+00,-1.056675e+01,5.680000e+00,2.070000e-01
1.606700e+01,-3.961157e+00,-1.055846e+01,5.680000e+00,2.040000e-01
1.607100e+01,-3.911877e+00,-1.055157e+01,5.680000e+00,2.010000e-01
1.607500e+01,-3.862627e+00,-1.054446e+01,5.680000e+00,1.980000e-01
1.607900e+01,-3.813410e+00,-1.053713e+01,5.680000e+00,1.950000e-01
1.608400e+01,-3.751934e+00,-1.052766e+01,5.680000e+00,1.920000e-01
1.608800e+01,-3.702790e+00,-1.051985e+01,5.680000e+00,1.890000e-01
1.609200e+01,-3.653679e+00,-1.051183e+01,5.680000e+00,1.860000e-01
1.609700e+01,-3.592339e+00,-1.050152e+01,5.680000e+00,1.830000e-01
1.610200e+01,-3.531051e+00,-1.049089e+01,5.680000e+00,1.800000e-01
1.610600e+01,-3.482060e+00,-1.048217e+01,5.680000e+00,1.770000e-01
1.611000e+01,-3.433104e+00,-1.047326e+01,5.680000e+00,1.740000e-01
1.611500e+01,-3.371957e+00,-1.046184e+01,5.680000e+00,1.710000e-01
1.611900e+01,-3.323080e+00,-1.045250e+01,5.680000e+00,1.680000e-01
1.612400e+01,-3.262033e+00,-1.044056e+01,5.680000e+00,1.650000e-01
1.612900e+01,-3.201041e+00,-1.042835e+01,5.680000e+00,1.620000e-01
1.613500e+01,-3.127925e+00,-1.041332e+01,5.680000e+00,1.590000e-01
1.613900e+01,-3.079225e+00,-1.040309e+01,5.680000e+00,1.560000e-01
1.614300e+01,-3.030562e+00,-1.039269e+01,5.680000e+00,1.530000e-01
1.614700e+01,-2.981934e+00,-1.038212e+01,5.680000e+00,1.500000e-01
1.615200e+01,-2.921199e+00,-1.036868e+01,5.680000e+00,1.470000e-01
1.615600e+01,-2.872651e+00,-1.035774e+01,5.680000e+00,1.440000e-01
1.616100e+01,-2.812016e+00,-1.034386e+01,5.680000e+00,1.410000e-01
1.616600e+01,-2.751435e+00,-1.032973e+01,5.680000e+00,1.380000e-01
1.617100e+01,-2.690910e+00,-1.031538e+01,5.680000e+00,1.350000e-01
1.617400e+01,-2.654620e+00,-1.030665e+01,5.680000e+00,1.320000e-01
1.617800e+01,-2.606265e+00,-1.029489e+01,5.680000e+00,1.290000e-01
1.618300e+01,-2.545868e+00,-1.028000e+01,5.680000e+00,1.260000e-01
1.618800e+01,-2.485523e+00,-1.026489e+01,5.680000e+00,1.230000e-01
1.619200e+01,-2.437285e+00,-1.025266e+01,5.680000e+00,1.200000e-01
1.619600e+01,-2.389080e+00,-1.024030e+01,5.680000e+00,1.170000e-01
1.620100e+01,-2.328869e+00,-1.022466e+01,5.680000e+00,1.140000e-01
1.620600e+01,-2.268708e+00,-1.020884e+01,5.680000e+00,1.110000e-01
1.621000e+01,-2.220615e+00,-1.019605e+01,5.680000e+00,1.080000e-01
1.621300e+01,-2.184565e+00,-1.018637e+01,5.680000e+00,1.050000e-01
1.621800e+01,-2.124520e+00,-1.017011e+01,5.680000e+00,1.020000e-01
1.622200e+01,-2.076518e+00,-1.015698e+01,5.680000e+00,9.900000e-02
1.622700e+01,-2.016555e+00,-1.014042e+01,5.680000e+00,9.600000e-02
1.623100e+01,-1.968617e+00,-1.012705e+01,5.680000e+00,9.300000e-02
1.623600e+01,-1.908734e+00,-1.011020e+01,5.680000e+00,9.000000e-02
1.624100e+01,-1.848894e+00,-1.009320e+01,5.680000e+00,8.700000e-02
1.624500e+01,-1.801051e+00,-1.007949e+01,5.680000e+00,8.400000e-02
1.625000e+01,-1.741284e+00,-1.006223e+01,5.680000e+00,8.100000e-02
1.625400e+01,-1.693498e+00,-1.004833e+01,5.680000e+00,7.800000e-02
1.625900e+01,-1.633801e+00,-1.003082e+01,5.680000e+00,7.500000e-02
1.626300e+01,-1.586069e+00,-1.001673e+01,5.680000e+00,7.200000e-02
1.626800e+01,-1.526436e+00,-9.999011e+00,5.680000e+00,6.900000e-02
1.627200e+01,-1.478755e+00,-9.984750e+00,5.680000e+00,6.600000e-02
1.627600e+01,-1.431095e+00,-9.970417e+00,5.680000e+00,6.300000e-02
1.628200e+01,-1.359643e+00,-9.948791e+00,5.680000e+00,6.000000e-02
1.628600e+01,-1.312032e+00,-9.934293e+00,5.680000e+00,5.700000e-02
1.629000e+01,-1.264441e+00,-9.919733e+00,5.680000e+00,5.400000e-02
1.629500e+01,-1.204976e+00,-9.901451e+00,5.680000e+00,5.100000e-02
1.629900e+01,-1.157423e+00,-9.886763e+00,5.680000e+00,4.800000e-02
1.630400e+01,-1.098004e+00,-9.868331e+00,5.680000e+00,4.500000e-02
1.630800e+01,-1.050486e+00,-9.853529e+00,5.680000e+00,4.200000e-02
1.631200e+01,-1.002982e+00,-9.838682e+00,5.680000e+00,3.900000e-02
1.631700e+01,-9.436209e-01,-9.820064e+00,5.680000e+00,3.600000e-02
1.632100e+01,-8.961456e-01,-9.805125e+00,5.680000e+00,3.300000e-02
1.632600e+01,-8.368173e-01,-9.786400e+00,5.680000e+00,3.000000e-02
1.633000e+01,-7.893664e-01,-9.771382e+00,5.680000e+00,2.700000e-02
1.633400e+01,-7.419248e-01,-9.756335e+00,5.680000e+00,2.400000e-02
1.634000e+01,-6.707780e-01,-9.733713e+00,5.680000e+00,2.100000e-02
1.634500e+01,-6.115017e-01,-9.714821e+00,5.680000e+00,1.800000e-02
1.635100e+01,-5.403834e-01,-9.692109e+00,5.680000e+00,1.500000e-02
1.635500e+01,-4.929781e-01,-9.676945e+00,5.680000e+00,1.200000e-02
1.635900e+01,-4.455772e-01,-9.661766e+00,5.680000e+00,9.000000e-03
1.636300e+01,-3.981799e-01,-9.646576e+00,5.680000e+00,6.000000e-03
1.636800e+01,-3.389366e-01,-9.627578e+00,5.680000e+00,3.000000e-03
1.637300e+01,-2.796956e-01,-9.608571e+00,5.680000e+00,-1.994932e-17
1.637800e+01,-2.204554e-01,-9.589562e+00,5.680000e+00,-3.000000e-03
1.638300e+01,-1.612143e-01,-9.570554e+00,5.680000e+00,-6.000000e-03
1.638800e+01,-1.019708e-01,-9.551554e+00,5.680000e+00,-9.000000e-03
1.639200e+01,-5.457319e-02,-9.536361e+00,5.680000e+00,-1.200000e-02
1.639700e+01,4.678811e-03,-9.517386e+00,5.680000e+00,-1.500000e-02
1.640200e+01,6.393788e-02,-9.498431e+00,5.680000e+00,-1.800000e-02
1.640700e+01,1.232056e-01,-9.479503e+00,5.680000e+00,-2.100000e-02
1.641300e+01,1.943403e-01,-9.456831e+00,5.680000e+00,-2.400000e-02
1.641700e+01,2.417727e-01,-9.441745e+00,5.680000e+00,-2.700000e-02
1.642200e+01,3.010752e-01,-9.422924e+00,5.680000e+00,-3.000000e-02
1.642600e+01,3.485277e-01,-9.407900e+00,5.680000e+00,-3.300000e-02
1.643200e+01,4.197261e-01,-9.385426e+00,5.680000e+00,-3.600000e-02
1.643700e+01,4.790776e-01,-9.366758e+00,5.680000e+00,-3.900000e-02
1.644200e+01,5.384483e-01,-9.348150e+00,5.680000e+00,-4.200000e-02
1.644600e+01,5.859597e-01,-9.333311e+00,5.680000e+00,-4.500000e-02
1.645100e+01,6.453689e-01,-9.314826e+00,5.680000e+00,-4.800000e-02
1.645600e+01,7.048017e-01,-9.296416e+00,5.680000e+00,-5.100000e-02
1.646000e+01,7.523659e-01,-9.281745e+00,5.680000e+00,-5.400000e-02
1.646400e+01,7.999469e-01,-9.267129e+00,5.680000e+00,-5.700000e-02
1.646900e+01,8.594483e-01,-9.248940e+00,5.680000e+00,-6.000000e-02
1.647300e+01,9.070703e-01,-9.234457e+00,5.680000e+00,-6.300000e-02
1.647800e+01,9.666254e-01,-9.216443e+00,5.680000e+00,-6.600000e-02
1.648300e+01,1.026212e+00,-9.198535e+00,5.680000e+00,-6.900000e-02
1.648800e+01,1.085832e+00,-9.180736e+00,5.680000e+00,-7.200000e-02
1.649200e+01,1.133553e+00,-9.166579e+00,5.680000e+00,-7.500000e-02
1.649700e+01,1.193236e+00,-9.148991e+00,5.680000e+00,-7.800000e-02
1.650100e+01,1.241009e+00,-9.135011e+00,5.680000e+00,-8.100000e-02
1.650600e+01,1.300760e+00,-9.117652e+00,5.680000e+00,-8.400000e-02
1.651200e+01,1.372512e+00,-9.097001e+00,5.680000e+00,-8.700000e-02
1.651600e+01,1.420379e+00,-9.083344e+00,5.680000e+00,-9.000000e-02
1.652000e+01,1.468273e+00,-9.069781e+00,5.680000e+00,-9.300000e-02
1.652400e+01,1.516194e+00,-9.056313e+00,5.680000e+00,-9.600000e-02
1.653100e+01,1.600123e+00,-9.032985e+00,5.680000e+00,-9.900000e-02
1.653500e+01,1.648121e+00,-9.019795e+00,5.680000e+00,-9.900000e-02
1.654100e+01,1.720172e+00,-9.000206e+00,5.680000e+00,-9.900000e-02
1.654600e+01,1.780264e+00,-8.984062e+00,5.680000e+00,-9.900000e-02
1.655200e+01,1.852432e+00,-8.964905e+00,5.680000e+00,-9.900000e-02
1.655500e+01,1.888539e+00,-8.955415e+00,5.680000e+00,-9.900000e-02
1.656000e+01,1.948753e+00,-8.939729e+00,5.680000e+00,-9.900000e-02
1.656500e+01,2.009009e+00,-8.924207e+00,5.680000e+00,-9.900000e-02
1.656900e+01,2.057244e+00,-8.911908e+00,5.680000e+00,-9.900000e-02
1.657500e+01,2.129648e+00,-8.893656e+00,5.680000e+00,-9.900000e-02
1.658000e+01,2.190029e+00,-8.878626e+00,5.680000e+00,-9.900000e-02
1.658400e+01,2.238364e+00,-8.866721e+00,5.680000e+00,-9.900000e-02
1.660400e+01,2.480421e+00,-8.808776e+00,5.680000e+00,-9.900000e-02
1.661000e+01,2.553161e+00,-8.791907e+00,5.680000e+00,-9.900000e-02
1.661400e+01,2.601684e+00,-8.780792e+00,5.680000e+00,-9.900000e-02
1.661800e+01,2.650232e+00,-8.769784e+00,5.680000e+00,-9.900000e-02
1.662300e+01,2.710950e+00,-8.756172e+00,5.680000e+00,-9.900000e-02
1.662800e+01,2.771706e+00,-8.742725e+00,5.680000e+00,-9.900000e-02
1.663100e+01,2.808177e+00,-8.734737e+00,5.680000e+00,-9.900000e-02
1.663600e+01,2.868990e+00,-8.721555e+00,5.680000e+00,-9.900000e-02
1.663900e+01,2.905496e+00,-8.713725e+00,5.680000e+00,-9.900000e-02
1.664400e+01,2.966367e+00,-8.700809e+00,5.680000e+00,-9.900000e-02
1.664900e+01,3.027273e+00,-8.688058e+00,5.680000e+00,-9.900000e-02
1.665200e+01,3.063833e+00,-8.680487e+00,5.680000e+00,-9.900000e-02
1.665700e+01,3.124794e+00,-8.668001e+00,5.680000e+00,-9.900000e-02
1.666000e+01,3.161387e+00,-8.660589e+00,5.680000e+00,-9.900000e-02
1.666400e+01,3.210197e+00,-8.650800e+00,5.680000e+00,-9.900000e-02
1.666800e+01,3.259027e+00,-8.641117e+00,5.680000e+00,-9.900000e-02
1.667200e+01,3.307879e+00,-8.631540e+00,5.680000e+00,-9.900000e-02
1.667800e+01,3.381196e+00,-8.617375e+00,5.680000e+00,-9.900000e-02
1.668100e+01,3.417872e+00,-8.610382e+00,5.680000e+00,-9.900000e-02
1.668600e+01,3.479024e+00,-8.598860e+00,5.680000e+00,-9.900000e-02
1.669100e+01,3.540207e+00,-8.587505e+00,5.680000e+00,-9.900000e-02
1.669500e+01,3.589176e+00,-8.578541e+00,5.680000e+00,-9.900000e-02
1.669900e+01,3.638164e+00,-8.569683e+00,5.680000e+00,-9.900000e-02
1.670300e+01,3.687172e+00,-8.560932e+00,5.680000e+00,-9.900000e-02
1.670700e+01,3.736198e+00,-8.552288e+00,5.680000e+00,-9.900000e-02
1.671000e+01,3.772981e+00,-8.545875e+00,5.680000e+00,-9.900000e-02
1.671500e+01,3.834308e+00,-8.535321e+00,5.680000e+00,-9.900000e-02
1.672000e+01,3.895663e+00,-8.524933e+00,5.680000e+00,-9.900000e-02
1.672400e+01,3.944768e+00,-8.516743e+00,5.680000e+00,-9.900000e-02
1.672800e+01,3.993891e+00,-8.508660e+00,5.680000e+00,-9.900000e-02
1.673200e+01,4.043032e+00,-8.500684e+00,5.680000e+00,-9.900000e-02
1.673700e+01,4.104481e+00,-8.490865e+00,5.680000e+00,-9.900000e-02
1.674200e+01,4.165958e+00,-8.481213e+00,5.680000e+00,-9.900000e-02
1.674700e+01,4.227461e+00,-8.471728e+00,5.680000e+00,-9.900000e-02
1.675200e+01,4.288989e+00,-8.462411e+00,5.680000e+00,-9.900000e-02
1.675700e+01,4.350543e+00,-8.453262e+00,5.680000e+00,-9.900000e-02
1.676100e+01,4.399804e+00,-8.446063e+00,5.680000e+00,-9.900000e-02
1.676500e+01,4.449081e+00,-8.438971e+00,5.680000e+00,-9.900000e-02
1.677100e+01,4.523025e+00,-8.428535e+00,5.680000e+00,-9.900000e-02
1.677500e+01,4.572339e+00,-8.421711e+00,5.680000e+00,-9.900000e-02
1.677900e+01,4.621669e+00,-8.414996e+00,5.680000e+00,-9.900000e-02
1.678400e+01,4.683352e+00,-8.406752e+00,5.680000e+00,-9.900000e-02
1.678900e+01,4.745057e+00,-8.398676e+00,5.680000e+00,-9.900000e-02
1.679300e+01,4.794436e+00,-8.392337e+00,5.680000e+00,-9.900000e-02
1.679800e+01,4.856181e+00,-8.384563e+00,5.680000e+00,-9.900000e-02
1.680200e+01,4.905591e+00,-8.378466e+00,5.680000e+00,-9.900000e-02
1.680700e+01,4.967373e+00,-8.370995e+00,5.680000e+00,-9.900000e-02
1.681100e+01,5.016813e+00,-8.365140e+00,5.680000e+00,-9.900000e-02
1.681600e+01,5.078631e+00,-8.357972e+00,5.680000e+00,-9.900000e-02
1.682000e+01,5.128099e+00,-8.352359e+00,5.680000e+00,-9.900000e-02
1.682400e+01,5.177580e+00,-8.346854e+00,5.680000e+00,-9.900000e-02
1.683000e+01,5.251823e+00,-8.338799e+00,5.680000e+00,-9.900000e-02
1.683400e+01,5.301333e+00,-8.333563e+00,5.680000e+00,-9.900000e-02
1.683800e+01,5.350854e+00,-8.328435e+00,5.680000e+00,-9.900000e-02
1.684200e+01,5.400387e+00,-8.323415e+00,5.680000e+00,-9.900000e-02
1.684600e+01,5.449931e+00,-8.318503e+00,5.680000e+00,-9.900000e-02
1.685200e+01,5.524266e+00,-8.311338e+00,5.680000e+00,-9.900000e-02
1.685600e+01,5.573836e+00,-8.306696e+00,5.680000e+00,-9.900000e-02
1.686100e+01,5.635812e+00,-8.301045e+00,5.680000e+00,-9.900000e-02
1.686600e+01,5.697804e+00,-8.295563e+00,5.680000e+00,-9.900000e-02
1.687100e+01,5.759810e+00,-8.290249e+00,5.680000e+00,-9.900000e-02
1.687500e+01,5.809426e+00,-8.286120e+00,5.680000e+00,-9.900000e-02
1.687900e+01,5.859050e+00,-8.282100e+00,5.680000e+00,-9.900000e-02
1.688400e+01,5.921093e+00,-8.277225e+00,5.680000e+00,-9.900000e-02
1.688900e+01,5.983150e+00,-8.272520e+00,5.680000e+00,-9.900000e-02
1.689400e+01,6.045219e+00,-8.267984e+00,5.680000e+00,-9.900000e-02
1.689800e+01,6.094883e+00,-8.264477e+00,5.680000e+00,-9.900000e-02
1.690200e+01,6.144554e+00,-8.261078e+00,5.680000e+00,-9.900000e-02
1.690700e+01,6.206654e+00,-8.256981e+00,5.680000e+00,-9.900000e-02
1.691100e+01,6.256342e+00,-8.253826e+00,5.680000e+00,-9.900000e-02
1.691500e+01,6.306037e+00,-8.250778e+00,5.680000e+00,-9.900000e-02
1.691900e+01,6.355738e+00,-8.247839e+00,5.680000e+00,-9.900000e-02
1.692400e+01,6.417874e+00,-8.244318e+00,5.680000e+00,-9.900000e-02
1.692800e+01,6.467589e+00,-8.241622e+00,5.680000e+00,-9.900000e-02
1.693400e+01,6.542173e+00,-8.237782e+00,5.680000e+00,-9.900000e-02
1.693800e+01,6.591903e+00,-8.235358e+00,5.680000e+00,-9.900000e-02
1.694200e+01,6.641638e+00,-8.233041e+00,5.680000e+00,-9.900000e-02
1.694600e+01,6.691377e+00,-8.230834e+00,5.680000e+00,-9.900000e-02
1.695000e+01,6.741122e+00,-8.228734e+00,5.680000e+00,-9.900000e-02
1.695500e+01,6.803309e+00,-8.226262e+00,5.680000e+00,-9.900000e-02
1.695900e+01,6.853064e+00,-8.224406e+00,5.680000e+00,-9.900000e-02
1.696300e+01,6.902822e+00,-8.222659e+00,5.680000e+00,-9.900000e-02
1.696700e+01,6.952584e+00,-8.221020e+00,5.680000e+00,-9.900000e-02
1.697200e+01,7.014792e+00,-8.219124e+00,5.680000e+00,-9.900000e-02
1.697700e+01,7.077005e+00,-8.217397e+00,5.680000e+00,-9.900000e-02
1.698100e+01,7.126779e+00,-8.216138e+00,5.680000e+00,-9.900000e-02
1.698500e+01,7.176555e+00,-8.214987e+00,5.680000e+00,-9.900000e-02
1.699000e+01,7.238779e+00,-8.213700e+00,5.680000e+00,-9.900000e-02
1.699400e+01,7.288561e+00,-8.212793e+00,5.680000e+00,-9.900000e-02
1.699800e+01,7.338344e+00,-8.211995e+00,5.680000e+00,-9.900000e-02
1.700300e+01,7.400576e+00,-8.211149e+00,5.680000e+00,-9.900000e-02
1.700800e+01,7.462810e+00,-8.210473e+00,5.680000e+00,-9.900000e-02
1.701200e+01,7.512599e+00,-8.210054e+00,5.680000e+00,-9.900000e-02
1.701800e+01,7.587283e+00,-8.209629e+00,5.680000e+00,-9.900000e-02
1.702200e+01,7.637074e+00,-8.209481e+00,5.680000e+00,-9.900000e-02
1.702700e+01,7.699312e+00,-8.209449e+00,5.680000e+00,-9.900000e-02
1.703200e+01,7.761550e+00,-8.209586e+00,5.680000e+00,-9.900000e-02
1.703600e+01,7.811340e+00,-8.209818e+00,5.680000e+00,-9.900000e-02
1.704100e+01,7.873577e+00,-8.210261e+00,5.680000e+00,-9.900000e-02
1.704600e+01,7.935813e+00,-8.210873e+00,5.680000e+00,-9.900000e-02
1.705000e+01,7.985601e+00,-8.211484e+00,5.680000e+00,-9.900000e-02
1.705500e+01,8.047833e+00,-8.212401e+00,5.680000e+00,-9.900000e-02
1.706100e+01,8.122508e+00,-8.213725e+00,5.680000e+00,-9.900000e-02
1.706700e+01,8.197179e+00,-8.215293e+00,5.680000e+00,-9.900000e-02
1.707000e+01,8.234512e+00,-8.216169e+00,5.680000e+00,-9.900000e-02
1.707500e+01,8.296731e+00,-8.217764e+00,5.680000e+00,-9.900000e-02
1.707900e+01,8.346503e+00,-8.219162e+00,5.680000e+00,-9.900000e-02
1.708400e+01,8.408714e+00,-8.221061e+00,5.680000e+00,-9.900000e-02
1.708800e+01,8.458479e+00,-8.222703e+00,5.680000e+00,-9.900000e-02
1.709200e+01,8.508240e+00,-8.224453e+00,5.680000e+00,-9.900000e-02
1.709700e+01,8.570436e+00,-8.226794e+00,5.680000e+00,-9.900000e-02
1.710200e+01,8.632626e+00,-8.229303e+00,5.680000e+00,-9.900000e-02
1.710500e+01,8.669936e+00,-8.230891e+00,5.680000e+00,-9.900000e-02
1.711000e+01,8.732114e+00,-8.233671e+00,5.680000e+00,-9.900000e-02
1.711400e+01,8.781852e+00,-8.236018e+00,5.680000e+00,-9.900000e-02
1.711900e+01,8.844016e+00,-8.239103e+00,5.680000e+00,-9.900000e-02
1.712300e+01,8.893741e+00,-8.241693e+00,5.680000e+00,-9.900000e-02
1.712700e+01,8.943460e+00,-8.244392e+00,5.680000e+00,-9.900000e-02
1.713200e+01,9.005602e+00,-8.247917e+00,5.680000e+00,-9.900000e-02
1.713700e+01,9.067733e+00,-8.251612e+00,5.680000e+00,-9.900000e-02
1.714100e+01,9.117431e+00,-8.254690e+00,5.680000e+00,-9.900000e-02
1.714500e+01,9.167122e+00,-8.257875e+00,5.680000e+00,-9.900000e-02
1.714900e+01,9.216806e+00,-8.261170e+00,5.680000e+00,-9.900000e-02
1.715400e+01,9.278901e+00,-8.265439e+00,5.680000e+00,-9.900000e-02
1.715900e+01,9.340984e+00,-8.269878e+00,5.680000e+00,-9.900000e-02
1.716400e+01,9.403055e+00,-8.274487e+00,5.680000e+00,-9.900000e-02
1.716900e+01,9.465113e+00,-8.279264e+00,5.680000e+00,-9.900000e-02
1.717300e+01,9.514750e+00,-8.283207e+00,5.680000e+00,-9.900000e-02
1.717700e+01,9.564379e+00,-8.287259e+00,5.680000e+00,-9.900000e-02
1.718100e+01,9.613998e+00,-8.291418e+00,5.680000e+00,-9.900000e-02
1.718500e+01,9.663609e+00,-8.295686e+00,5.680000e+00,-9.900000e-02
1.718900e+01,9.713210e+00,-8.300062e+00,5.680000e+00,-9.900000e-02
1.719400e+01,9.775198e+00,-8.305683e+00,5.680000e+00,-9.900000e-02
1.719800e+01,9.824778e+00,-8.310302e+00,5.680000e+00,-9.900000e-02
1.720200e+01,9.874347e+00,-8.315029e+00,5.680000e+00,-9.900000e-02
1.720700e+01,9.936294e+00,-8.321090e+00,5.680000e+00,-9.900000e-02
1.721200e+01,9.998225e+00,-8.327319e+00,5.680000e+00,-9.900000e-02
1.721600e+01,1.004776e+01,-8.332424e+00,5.680000e+00,-9.900000e-02
1.722000e+01,1.009728e+01,-8.337637e+00,5.680000e+00,-9.900000e-02
1.722500e+01,1.015916e+01,-8.344305e+00,5.680000e+00,-9.900000e-02
1.722900e+01,1.020866e+01,-8.349760e+00,5.680000e+00,-9.900000e-02
1.723400e+01,1.027051e+01,-8.356731e+00,5.680000e+00,-9.900000e-02
1.723900e+01,1.033234e+01,-8.363870e+00,5.680000e+00,-9.900000e-02
1.724300e+01,1.038179e+01,-8.369703e+00,5.680000e+00,-9.900000e-02
1.724800e+01,1.044359e+01,-8.377146e+00,5.680000e+00,-9.900000e-02
1.725200e+01,1.049301e+01,-8.383221e+00,5.680000e+00,-9.900000e-02
1.725600e+01,1.054242e+01,-8.389404e+00,5.680000e+00,-9.900000e-02
1.726100e+01,1.060417e+01,-8.397284e+00,5.680000e+00,-9.900000e-02
1.726500e+01,1.065355e+01,-8.403709e+00,5.680000e+00,-9.900000e-02
1.727000e+01,1.071525e+01,-8.411891e+00,5.680000e+00,-9.900000e-02
1.727400e+01,1.076460e+01,-8.418558e+00,5.680000e+00,-9.900000e-02
1.727800e+01,1.081393e+01,-8.425333e+00,5.680000e+00,-9.900000e-02
1.728300e+01,1.087558e+01,-8.433952e+00,5.680000e+00,-9.900000e-02
1.728700e+01,1.092487e+01,-8.440968e+00,5.680000e+00,-9.900000e-02
1.729100e+01,1.097416e+01,-8.448092e+00,5.680000e+00,-9.900000e-02
1.729500e+01,1.102343e+01,-8.455323e+00,5.680000e+00,-9.900000e-02
1.729900e+01,1.107268e+01,-8.462662e+00,5.680000e+00,-9.900000e-02
1.730400e+01,1.113422e+01,-8.471986e+00,5.680000e+00,-9.900000e-02
1.731000e+01,1.120804e+01,-8.483396e+00,5.680000e+00,-9.900000e-02
1.731400e+01,1.125723e+01,-8.491136e+00,5.680000e+00,-9.900000e-02
1.731800e+01,1.130640e+01,-8.498984e+00,5.680000e+00,-9.900000e-02
1.732300e+01,1.136785e+01,-8.508945e+00,5.680000e+00,-9.900000e-02
1.732700e+01,1.141698e+01,-8.517033e+00,5.680000e+00,-9.900000e-02
1.733200e+01,1.147838e+01,-8.527295e+00,5.680000e+00,-9.900000e-02
1.733700e+01,1.153974e+01,-8.537724e+00,5.680000e+00,-9.900000e-02
1.734100e+01,1.158881e+01,-8.546187e+00,5.680000e+00,-9.900000e-02
1.734500e+01,1.163787e+01,-8.554757e+00,5.680000e+00,-9.900000e-02
1.735000e+01,1.169916e+01,-8.565620e+00,5.680000e+00,-9.900000e-02
1.735400e+01,1.174817e+01,-8.574431e+00,5.680000e+00,-9.900000e-02
1.735800e+01,1.179716e+01,-8.583349e+00,5.680000e+00,-9.900000e-02
1.736200e+01,1.184613e+01,-8.592373e+00,5.680000e+00,-9.900000e-02
1.736700e+01,1.190732e+01,-8.603803e+00,5.680000e+00,-9.900000e-02
1.737200e+01,1.196848e+01,-8.615400e+00,5.680000e+00,-9.900000e-02
1.737600e+01,1.201738e+01,-8.624797e+00,5.680000e+00,-9.900000e-02
1.738100e+01,1.207848e+01,-8.636694e+00,5.680000e+00,-9.900000e-02
1.738600e+01,1.213955e+01,-8.648757e+00,5.680000e+00,-9.900000e-02
1.739000e+01,1.218838e+01,-8.658527e+00,5.680000e+00,-9.900000e-02
1.739500e+01,1.224938e+01,-8.670889e+00,5.680000e+00,-9.900000e-02
1.739900e+01,1.229816e+01,-8.680899e+00,5.680000e+00,-9.900000e-02
1.740300e+01,1.234692e+01,-8.691014e+00,5.680000e+00,-9.900000e-02
1.740800e+01,1.240784e+01,-8.703808e+00,5.680000e+00,-9.900000e-02
1.741300e+01,1.246872e+01,-8.716768e+00,5.680000e+00,-9.900000e-02
1.741700e+01,1.251741e+01,-8.727256e+00,5.680000e+00,-9.900000e-02
1.742100e+01,1.256606e+01,-8.737849e+00,5.680000e+00,-9.900000e-02
1.742600e+01,1.262685e+01,-8.751240e+00,5.680000e+00,-9.900000e-02
1.743000e+01,1.267546e+01,-8.762072e+00,5.680000e+00,-9.900000e-02
1.743400e+01,1.272404e+01,-8.773009e+00,5.680000e+00,-9.900000e-02
1.743800e+01,1.277260e+01,-8.784053e+00,5.680000e+00,-9.900000e-02
1.744300e+01,1.283326e+01,-8.798006e+00,5.680000e+00,-9.900000e-02
1.744800e+01,1.289389e+01,-8.812125e+00,5.680000e+00,-9.900000e-02
1.745200e+01,1.294236e+01,-8.823538e+00,5.680000e+00,-9.900000e-02
1.745700e+01,1.300292e+01,-8.837954e+00,5.680000e+00,-9.900000e-02
1.746200e+01,1.306343e+01,-8.852534e+00,5.680000e+00,-9.900000e-02
1.746600e+01,1.311182e+01,-8.864317e+00,5.680000e+00,-9.900000e-02
1.747100e+01,1.317226e+01,-8.879194e+00,5.680000e+00,-9.900000e-02
1.747600e+01,1.323267e+01,-8.894236e+00,5.680000e+00,-9.900000e-02
1.748000e+01,1.328096e+01,-8.906388e+00,5.680000e+00,-9.900000e-02
1.748500e+01,1.334129e+01,-8.921725e+00,5.680000e+00,-9.900000e-02
1.749100e+01,1.341363e+01,-8.940347e+00,5.680000e+00,-9.900000e-02
1.749400e+01,1.344978e+01,-8.949747e+00,5.680000e+00,-9.900000e-02
1.749900e+01,1.350999e+01,-8.965544e+00,5.680000e+00,-9.900000e-02
1.750300e+01,1.355813e+01,-8.978300e+00,5.680000e+00,-9.900000e-02
1.750700e+01,1.360624e+01,-8.991161e+00,5.680000e+00,-9.900000e-02
1.751200e+01,1.366633e+01,-9.007384e+00,5.680000e+00,-9.900000e-02
1.751800e+01,1.373839e+01,-9.027068e+00,5.680000e+00,-9.900000e-02
1.752200e+01,1.378640e+01,-9.040322e+00,5.680000e+00,-9.900000e-02
1.752700e+01,1.384636e+01,-9.057036e+00,5.680000e+00,-9.900000e-02
1.753100e+01,1.389430e+01,-9.070524e+00,5.680000e+00,-9.900000e-02
1.753600e+01,1.395418e+01,-9.087532e+00,5.680000e+00,-9.900000e-02
1.754200e+01,1.402598e+01,-9.108157e+00,5.680000e+00,-9.900000e-02
1.754700e+01,1.408575e+01,-9.125523e+00,5.680000e+00,-9.900000e-02
1.755200e+01,1.414549e+01,-9.143052e+00,5.680000e+00,-9.900000e-02
1.755600e+01,1.419324e+01,-9.157193e+00,5.680000e+00,-9.900000e-02
1.756000e+01,1.424095e+01,-9.171437e+00,5.680000e+00,-9.900000e-02
1.756400e+01,1.428864e+01,-9.185786e+00,5.680000e+00,-9.900000e-02
1.756900e+01,1.434821e+01,-9.203867e+00,5.680000e+00,-9.900000e-02
1.757500e+01,1.441962e+01,-9.225779e+00,5.680000e+00,-9.900000e-02
1.757900e+01,1.446719e+01,-9.240517e+00,5.680000e+00,-9.900000e-02
1.758300e+01,1.451473e+01,-9.255358e+00,5.680000e+00,-9.900000e-02
1.758800e+01,1.457411e+01,-9.274056e+00,5.680000e+00,-9.900000e-02
1.759300e+01,1.463343e+01,-9.292914e+00,5.680000e+00,-9.900000e-02
1.759700e+01,1.468086e+01,-9.308118e+00,5.680000e+00,-9.900000e-02
1.760100e+01,1.472825e+01,-9.323425e+00,5.680000e+00,-9.900000e-02
1.760600e+01,1.478744e+01,-9.342703e+00,5.680000e+00,-9.900000e-02
1.761100e+01,1.484657e+01,-9.362143e+00,5.680000e+00,-9.900000e-02
1.761600e+01,1.490566e+01,-9.381744e+00,5.680000e+00,-9.900000e-02
1.762100e+01,1.496469e+01,-9.401506e+00,5.680000e+00,-9.900000e-02
1.762500e+01,1.501187e+01,-9.417431e+00,5.680000e+00,-9.900000e-02
1.763000e+01,1.507081e+01,-9.437482e+00,5.680000e+00,-9.900000e-02
1.763400e+01,1.511792e+01,-9.453639e+00,5.680000e+00,-9.900000e-02
1.763800e+01,1.516499e+01,-9.469898e+00,5.680000e+00,-9.900000e-02
1.764500e+01,1.524728e+01,-9.498598e+00,5.680000e+00,-9.900000e-02
1.765000e+01,1.530599e+01,-9.519290e+00,5.680000e+00,-9.900000e-02
1.765500e+01,1.536465e+01,-9.540142e+00,5.680000e+00,-9.900000e-02
1.765900e+01,1.541153e+01,-9.556938e+00,5.680000e+00,-9.900000e-02
1.766300e+01,1.545838e+01,-9.573837e+00,5.680000e+00,-9.900000e-02
1.766700e+01,1.550519e+01,-9.590838e+00,5.680000e+00,-9.900000e-02
1.767200e+01,1.556365e+01,-9.612232e+00,5.680000e+00,-9.900000e-02
1.767600e+01,1.561037e+01,-9.629462e+00,5.680000e+00,-9.900000e-02
1.768000e+01,1.565706e+01,-9.646794e+00,5.680000e+00,-9.900000e-02
1.768500e+01,1.571537e+01,-9.668602e+00,5.680000e+00,-9.900000e-02
1.768900e+01,1.576197e+01,-9.686162e+00,5.680000e+00,-9.900000e-02
1.769400e+01,1.582017e+01,-9.708256e+00,5.680000e+00,-9.900000e-02
1.769800e+01,1.586669e+01,-9.726045e+00,5.680000e+00,-9.900000e-02
1.770200e+01,1.591317e+01,-9.743935e+00,5.680000e+00,-9.900000e-02
1.770700e+01,1.597121e+01,-9.766440e+00,5.680000e+00,-9.900000e-02
1.771000e+01,1.600600e+01,-9.780020e+00,5.680000e+00,-9.900000e-02
1.771400e+01,1.605236e+01,-9.798213e+00,5.680000e+00,-9.900000e-02
1.772000e+01,1.612183e+01,-9.825693e+00,5.680000e+00,-9.900000e-02
1.772400e+01,1.616809e+01,-9.844139e+00,5.680000e+00,-9.900000e-02
1.772800e+01,1.621431e+01,-9.862686e+00,5.680000e+00,-9.900000e-02
1.773200e+01,1.626049e+01,-9.881334e+00,5.680000e+00,-9.900000e-02
1.773700e+01,1.631816e+01,-9.904785e+00,5.680000e+00,-9.900000e-02
1.774100e+01,1.636424e+01,-9.923659e+00,5.680000e+00,-9.900000e-02
1.774500e+01,1.641029e+01,-9.942633e+00,5.680000e+00,-9.900000e-02
1.774900e+01,1.645629e+01,-9.961708e+00,5.680000e+00,-9.900000e-02
1.775400e+01,1.651374e+01,-9.985692e+00,5.680000e+00,-9.900000e-02
1.775800e+01,1.655965e+01,-1.000499e+01,5.680000e+00,-9.900000e-02
1.776200e+01,1.660552e+01,-1.002439e+01,5.680000e+00,-9.900000e-02
1.776700e+01,1.666280e+01,-1.004878e+01,5.680000e+00,-9.900000e-02
1.777100e+01,1.670857e+01,-1.006841e+01,5.680000e+00,-9.900000e-02
1.777500e+01,1.675430e+01,-1.008813e+01,5.680000e+00,-9.900000e-02
1.777900e+01,1.679999e+01,-1.010796e+01,5.680000e+00,-9.900000e-02
1.778300e+01,1.684563e+01,-1.012788e+01,5.680000e+00,-9.900000e-02
1.778700e+01,1.689123e+01,-1.014790e+01,5.680000e+00,-9.900000e-02
1.779200e+01,1.694817e+01,-1.017307e+01,5.680000e+00,-9.900000e-02
1.779600e+01,1.699368e+01,-1.019332e+01,5.680000e+00,-9.900000e-02
1.780200e+01,1.706185e+01,-1.022387e+01,5.680000e+00,-9.900000e-02
1.780600e+01,1.710724e+01,-1.024437e+01,5.680000e+00,-9.900000e-02
1.781000e+01,1.715258e+01,-1.026496e+01,5.680000e+00,-9.900000e-02
1.781400e+01,1.719788e+01,-1.028565e+01,5.680000e+00,-9.900000e-02
1.781800e+01,1.724314e+01,-1.030644e+01,5.680000e+00,-9.900000e-02
1.782200e+01,1.728835e+01,-1.032733e+01,5.680000e+00,-9.900000e-02
1.782700e+01,1.734480e+01,-1.035358e+01,5.680000e+00,-9.900000e-02
1.783200e+01,1.740118e+01,-1.037998e+01,5.680000e+00,-9.900000e-02
1.783600e+01,1.744623e+01,-1.040122e+01,5.680000e+00,-9.900000e-02
1.784000e+01,1.749123e+01,-1.042255e+01,5.680000e+00,-9.900000e-02
1.784400e+01,1.753619e+01,-1.044398e+01,5.680000e+00,-9.900000e-02
1.784900e+01,1.759232e+01,-1.047090e+01,5.680000e+00,-9.900000e-02
1.785300e+01,1.763718e+01,-1.049255e+01,5.680000e+00,-9.900000e-02
1.785800e+01,1.769317e+01,-1.051975e+01,5.680000e+00,-9.900000e-02
1.786200e+01,1.773792e+01,-1.054162e+01,5.680000e+00,-9.900000e-02
1.786700e+01,1.779378e+01,-1.056909e+01,5.680000e+00,-9.900000e-02
1.787200e+01,1.784957e+01,-1.059672e+01,5.680000e+00,-9.900000e-02
1.787600e+01,1.789415e+01,-1.061893e+01,5.680000e+00,-9.900000e-02
1.788000e+01,1.793868e+01,-1.064124e+01,5.680000e+00,-9.900000e-02
1.788400e+01,1.798316e+01,-1.066364e+01,5.680000e+00,-9.900000e-02
1.788800e+01,1.802759e+01,-1.068614e+01,5.680000e+00,-9.900000e-02
1.789200e+01,1.807197e+01,-1.070874e+01,5.680000e+00,-9.900000e-02
1.789700e+01,1.812738e+01,-1.073712e+01,5.680000e+00,-9.900000e-02
1.790200e+01,1.818271e+01,-1.076566e+01,5.680000e+00,-9.900000e-02
1.790600e+01,1.822692e+01,-1.078859e+01,5.680000e+00,-9.900000e-02
1.791200e+01,1.829314e+01,-1.082318e+01,5.680000e+00,-9.900000e-02
1.791800e+01,1.835925e+01,-1.085798e+01,5.680000e+00,-9.900000e-02
1.792200e+01,1.840326e+01,-1.088130e+01,5.680000e+00,-9.900000e-02
1.792600e+01,1.844721e+01,-1.090471e+01,5.680000e+00,-9.900000e-02
1.793200e+01,1.851305e+01,-1.094002e+01,5.680000e+00,-9.900000e-02
1.793600e+01,1.855688e+01,-1.096367e+01,5.680000e+00,-9.900000e-02
1.794100e+01,1.861159e+01,-1.099338e+01,5.680000e+00,-9.900000e-02
1.794500e+01,1.865530e+01,-1.101725e+01,5.680000e+00,-9.900000e-02
1.795000e+01,1.870987e+01,-1.104722e+01,5.680000e+00,-9.900000e-02
1.795400e+01,1.875347e+01,-1.107130e+01,5.680000e+00,-9.900000e-02
1.796000e+01,1.881876e+01,-1.110761e+01,5.680000e+00,-9.900000e-02
1.796500e+01,1.887308e+01,-1.113802e+01,5.680000e+00,-9.900000e-02
1.796900e+01,1.891648e+01,-1.116246e+01,5.680000e+00,-9.900000e-02
1.797400e+01,1.897065e+01,-1.119315e+01,5.680000e+00,-9.900000e-02
1.797800e+01,1.901392e+01,-1.121780e+01,5.680000e+00,-9.900000e-02
1.798300e+01,1.906794e+01,-1.124875e+01,5.680000e+00,-9.900000e-02
1.798700e+01,1.911110e+01,-1.127361e+01,5.680000e+00,-9.900000e-02
1.799200e+01,1.916496e+01,-1.130482e+01,5.680000e+00,-9.900000e-02
1.799700e+01,1.921875e+01,-1.133618e+01,5.680000e+00,-9.900000e-02
1.800200e+01,1.927244e+01,-1.136769e+01,5.680000e+00,-9.900000e-02
1.800600e+01,1.931534e+01,-1.139300e+01,5.680000e+00,-9.900000e-02
1.801000e+01,1.935818e+01,-1.141840e+01,5.680000e+00,-9.900000e-02
1.801400e+01,1.940096e+01,-1.144390e+01,5.680000e+00,-9.900000e-02
1.801900e+01,1.945436e+01,-1.147590e+01,5.680000e+00,-9.900000e-02
1.802300e+01,1.949702e+01,-1.150160e+01,5.680000e+00,-9.900000e-02
1.802700e+01,1.953963e+01,-1.152740e+01,5.680000e+00,-9.900000e-02
1.803200e+01,1.959280e+01,-1.155978e+01,5.680000e+00,-9.900000e-02
1.803600e+01,1.963528e+01,-1.158579e+01,5.680000e+00,-9.900000e-02
1.804000e+01,1.967770e+01,-1.161189e+01,5.680000e+00,-9.900000e-02
1.804400e+01,1.972006e+01,-1.163808e+01,5.680000e+00,-9.900000e-02
1.804800e+01,1.976236e+01,-1.166437e+01,5.680000e+00,-9.900000e-02
1.805300e+01,1.981517e+01,-1.169735e+01,5.680000e+00,-9.900000e-02
1.805800e+01,1.986788e+01,-1.173048e+01,5.680000e+00,-9.900000e-02
1.806300e+01,1.992050e+01,-1.176375e+01,5.680000e+00,-9.900000e-02
1.806800e+01,1.997303e+01,-1.179717e+01,5.680000e+00,-9.900000e-02
1.807300e+01,2.002546e+01,-1.183073e+01,5.680000e+00,-9.900000e-02
1.807800e+01,2.007781e+01,-1.186443e+01,5.680000e+00,-9.900000e-02
1.808200e+01,2.011962e+01,-1.189149e+01,5.680000e+00,-9.900000e-02
1.808600e+01,2.016138e+01,-1.191865e+01,5.680000e+00,-9.900000e-02
1.809100e+01,2.021348e+01,-1.195272e+01,5.680000e+00,-9.900000e-02
1.809600e+01,2.026550e+01,-1.198693e+01,5.680000e+00,-9.900000e-02
1.810000e+01,2.030704e+01,-1.201441e+01,5.680000e+00,-9.900000e-02
1.810400e+01,2.034853e+01,-1.204197e+01,5.680000e+00,-9.900000e-02
1.810900e+01,2.040030e+01,-1.207655e+01,5.680000e+00,-9.900000e-02
1.811300e+01,2.044164e+01,-1.210432e+01,5.680000e+00,-9.900000e-02
1.811700e+01,2.048293e+01,-1.213217e+01,5.680000e+00,-9.900000e-02
1.812200e+01,2.053446e+01,-1.216712e+01,5.680000e+00,-9.900000e-02
1.812500e+01,2.056533e+01,-1.218816e+01,5.680000e+00,-9.900000e-02
1.813000e+01,2.061670e+01,-1.222333e+01,5.680000e+00,-9.900000e-02
1.813400e+01,2.065773e+01,-1.225157e+01,5.680000e+00,-9.900000e-02
1.813900e+01,2.070893e+01,-1.228699e+01,5.680000e+00,-9.900000e-02
1.814400e+01,2.076003e+01,-1.232255e+01,5.680000e+00,-9.900000e-02
1.814900e+01,2.081103e+01,-1.235825e+01,5.680000e+00,-9.900000e-02
1.815200e+01,2.084159e+01,-1.237974e+01,5.680000e+00,-9.900000e-02
1.815700e+01,2.089244e+01,-1.241566e+01,5.680000e+00,-9.900000e-02
1.816200e+01,2.094319e+01,-1.245173e+01,5.680000e+00,-9.900000e-02
1.816600e+01,2.098372e+01,-1.248067e+01,5.680000e+00,-9.900000e-02
1.817200e+01,2.104440e+01,-1.252426e+01,5.680000e+00,-9.900000e-02
1.817700e+01,2.109485e+01,-1.256074e+01,5.680000e+00,-9.900000e-02
1.818100e+01,2.113514e+01,-1.259002e+01,5.680000e+00,-9.900000e-02
1.818600e+01,2.118542e+01,-1.262674e+01,5.680000e+00,-9.900000e-02
1.819100e+01,2.123559e+01,-1.266360e+01,5.680000e+00,-9.900000e-02
1.819500e+01,2.127566e+01,-1.269319e+01,5.680000e+00,-9.900000e-02
1.820000e+01,2.132566e+01,-1.273029e+01,5.680000e+00,-9.900000e-02
1.820400e+01,2.136558e+01,-1.276007e+01,5.680000e+00,-9.900000e-02
1.820900e+01,2.141539e+01,-1.279742e+01,5.680000e+00,-9.900000e-02
1.821400e+01,2.146510e+01,-1.283491e+01,5.680000e+00,-9.900000e-02
1.821900e+01,2.151471e+01,-1.287253e+01,5.680000e+00,-9.900000e-02
1.822400e+01,2.156421e+01,-1.291028e+01,5.680000e+00,-9.900000e-02
1.822900e+01,2.161361e+01,-1.294817e+01,5.680000e+00,-9.900000e-02
1.823400e+01,2.166291e+01,-1.298620e+01,5.680000e+00,-9.900000e-02
1.823800e+01,2.170228e+01,-1.301672e+01,5.680000e+00,-9.900000e-02
1.824300e+01,2.175139e+01,-1.305498e+01,5.680000e+00,-9.900000e-02
1.824800e+01,2.180040e+01,-1.309338e+01,5.680000e+00,-9.900000e-02
1.825200e+01,2.183953e+01,-1.312420e+01,5.680000e+00,-9.900000e-02
1.825700e+01,2.188834e+01,-1.316284e+01,5.680000e+00,-9.900000e-02
1.826100e+01,2.192732e+01,-1.319385e+01,5.680000e+00,-9.900000e-02
1.826500e+01,2.196623e+01,-1.322494e+01,5.680000e+00,-9.900000e-02
1.826900e+01,2.200508e+01,-1.325611e+01,5.680000e+00,-9.900000e-02
1.827400e+01,2.205354e+01,-1.329521e+01,5.680000e+00,-9.900000e-02
1.827900e+01,2.210189e+01,-1.333443e+01,5.680000e+00,-9.900000e-02
1.828300e+01,2.214049e+01,-1.336590e+01,5.680000e+00,-9.900000e-02
1.828800e+01,2.218865e+01,-1.340536e+01,5.680000e+00,-9.900000e-02
1.829300e+01,2.223670e+01,-1.344495e+01,5.680000e+00,-9.900000e-02
1.829800e+01,2.228465e+01,-1.348467e+01,5.680000e+00,-9.900000e-02
1.830200e+01,2.232292e+01,-1.351654e+01,5.680000e+00,-9.900000e-02
1.830600e+01,2.236113e+01,-1.354849e+01,5.680000e+00,-9.900000e-02
1.831200e+01,2.241831e+01,-1.359658e+01,5.680000e+00,-9.900000e-02
1.831700e+01,2.246584e+01,-1.363680e+01,5.680000e+00,-9.900000e-02
1.832200e+01,2.251326e+01,-1.367714e+01,5.680000e+00,-9.900000e-02
1.832600e+01,2.255112e+01,-1.370951e+01,5.680000e+00,-9.900000e-02
1.833000e+01,2.258890e+01,-1.374196e+01,5.680000e+00,-9.900000e-02
1.833400e+01,2.262662e+01,-1.377449e+01,5.680000e+00,-9.900000e-02
1.833800e+01,2.266426e+01,-1.380711e+01,5.680000e+00,-9.900000e-02
1.834200e+01,2.270184e+01,-1.383981e+01,5.680000e+00,-9.900000e-02
1.834600e+01,2.273934e+01,-1.387259e+01,5.680000e+00,-9.900000e-02
1.835000e+01,2.277677e+01,-1.390545e+01,5.680000e+00,-9.900000e-02
1.835400e+01,2.281413e+01,-1.393839e+01,5.680000e+00,-9.900000e-02
1.835900e+01,2.286072e+01,-1.397968e+01,5.680000e+00,-9.900000e-02
1.836400e+01,2.290721e+01,-1.402110e+01,5.680000e+00,-9.900000e-02
1.836800e+01,2.294432e+01,-1.405433e+01,5.680000e+00,-9.900000e-02
1.837300e+01,2.299060e+01,-1.409598e+01,5.680000e+00,-9.900000e-02
1.837600e+01,2.301831e+01,-1.412102e+01,5.680000e+00,-9.900000e-02
1.838100e+01,2.306441e+01,-1.416287e+01,5.680000e+00,-9.900000e-02
1.838500e+01,2.310121e+01,-1.419644e+01,5.680000e+00,-9.900000e-02
1.838900e+01,2.313793e+01,-1.423009e+01,5.680000e+00,-9.900000e-02
1.839200e+01,2.316543e+01,-1.425538e+01,5.680000e+00,-9.900000e-02
1.839600e+01,2.320202e+01,-1.428917e+01,5.680000e+00,-9.900000e-02
1.840100e+01,2.324766e+01,-1.433152e+01,5.680000e+00,-9.900000e-02
1.840500e+01,2.328409e+01,-1.436548e+01,5.680000e+00,-9.900000e-02
1.841000e+01,2.332952e+01,-1.440806e+01,5.680000e+00,-9.900000e-02
1.841500e+01,2.337484e+01,-1.445075e+01,5.680000e+00,-9.900000e-02
1.841800e+01,2.340197e+01,-1.447643e+01,5.680000e+00,-9.900000e-02
1.842300e+01,2.344710e+01,-1.451932e+01,5.680000e+00,-9.900000e-02
1.842700e+01,2.348312e+01,-1.455372e+01,5.680000e+00,-9.900000e-02
1.843200e+01,2.352804e+01,-1.459683e+01,5.680000e+00,-9.900000e-02
1.843700e+01,2.357285e+01,-1.464007e+01,5.680000e+00,-9.900000e-02
1.844100e+01,2.360860e+01,-1.467475e+01,5.680000e+00,-9.900000e-02
1.844600e+01,2.365319e+01,-1.471820e+01,5.680000e+00,-9.900000e-02
1.845100e+01,2.369766e+01,-1.476178e+01,5.680000e+00,-9.900000e-02
1.845600e+01,2.374201e+01,-1.480547e+01,5.680000e+00,-9.900000e-02
1.846000e+01,2.377741e+01,-1.484052e+01,5.680000e+00,-9.900000e-02
1.846400e+01,2.381273e+01,-1.487564e+01,5.680000e+00,-9.900000e-02
1.846800e+01,2.384797e+01,-1.491084e+01,5.680000e+00,-9.900000e-02
1.847200e+01,2.388314e+01,-1.494611e+01,5.680000e+00,-9.900000e-02
1.847700e+01,2.392698e+01,-1.499032e+01,5.680000e+00,-9.900000e-02
1.848100e+01,2.396198e+01,-1.502576e+01,5.680000e+00,-9.900000e-02
1.848600e+01,2.400561e+01,-1.507018e+01,5.680000e+00,-9.900000e-02
1.849100e+01,2.404912e+01,-1.511471e+01,5.680000e+00,-9.900000e-02
1.849600e+01,2.409251e+01,-1.515937e+01,5.680000e+00,-9.900000e-02
1.850100e+01,2.413578e+01,-1.520414e+01,5.680000e+00,-9.900000e-02
1.850600e+01,2.417892e+01,-1.524903e+01,5.680000e+00,-9.900000e-02
1.851100e+01,2.422194e+01,-1.529404e+01,5.680000e+00,-9.900000e-02
1.851500e+01,2.425627e+01,-1.533012e+01,5.680000e+00,-9.900000e-02
1.852100e+01,2.430762e+01,-1.538440e+01,5.680000e+00,-9.900000e-02
1.852600e+01,2.435027e+01,-1.542976e+01,5.680000e+00,-9.900000e-02
1.853200e+01,2.440130e+01,-1.548434e+01,5.680000e+00,-9.900000e-02
1.853700e+01,2.444368e+01,-1.552995e+01,5.680000e+00,-9.900000e-02
1.854200e+01,2.448593e+01,-1.557568e+01,5.680000e+00,-9.900000e-02
1.854700e+01,2.452807e+01,-1.562152e+01,5.680000e+00,-9.900000e-02
1.855200e+01,2.457007e+01,-1.566747e+01,5.680000e+00,-9.900000e-02
1.855600e+01,2.460359e+01,-1.570432e+01,5.680000e+00,-9.900000e-02
1.856100e+01,2.464537e+01,-1.575048e+01,5.680000e+00,-9.900000e-02
1.856600e+01,2.468702e+01,-1.579676e+01,5.680000e+00,-9.900000e-02
1.857100e+01,2.472855e+01,-1.584315e+01,5.680000e+00,-9.900000e-02
1.857600e+01,2.476996e+01,-1.588965e+01,5.680000e+00,-9.900000e-02
1.858000e+01,2.480299e+01,-1.592693e+01,5.680000e+00,-9.900000e-02
1.858400e+01,2.483594e+01,-1.596429e+01,5.680000e+00,-9.900000e-02
1.858900e+01,2.487701e+01,-1.601108e+01,5.680000e+00,-9.900000e-02
1.859300e+01,2.490977e+01,-1.604860e+01,5.680000e+00,-9.900000e-02
1.859700e+01,2.494246e+01,-1.608619e+01,5.680000e+00,-9.900000e-02
1.860200e+01,2.498320e+01,-1.613327e+01,5.680000e+00,-9.900000e-02
1.860700e+01,2.502381e+01,-1.618047e+01,5.680000e+00,-9.900000e-02
1.861100e+01,2.505621e+01,-1.621830e+01,5.680000e+00,-9.900000e-02
1.861600e+01,2.509659e+01,-1.626570e+01,5.680000e+00,-9.900000e-02
1.862000e+01,2.512880e+01,-1.630369e+01,5.680000e+00,-9.900000e-02
1.862600e+01,2.517696e+01,-1.636081e+01,5.680000e+00,-9.900000e-02
1.863000e+01,2.520896e+01,-1.639898e+01,5.680000e+00,-9.900000e-02
1.863400e+01,2.524088e+01,-1.643722e+01,5.680000e+00,-9.900000e-02
1.863800e+01,2.527272e+01,-1.647553e+01,5.680000e+00,-9.900000e-02
1.864200e+01,2.530447e+01,-1.651391e+01,5.680000e+00,-9.900000e-02
1.864600e+01,2.533614e+01,-1.655235e+01,5.680000e+00,-9.900000e-02
1.865100e+01,2.537561e+01,-1.660051e+01,5.680000e+00,-9.900000e-02
1.865400e+01,2.539923e+01,-1.662945e+01,5.680000e+00,-9.900000e-02
1.865900e+01,2.543848e+01,-1.667778e+01,5.680000e+00,-9.900000e-02
1.866400e+01,2.547761e+01,-1.672621e+01,5.680000e+00,-9.900000e-02
1.866700e+01,2.550102e+01,-1.675532e+01,5.680000e+00,-9.900000e-02
1.867200e+01,2.553994e+01,-1.680393e+01,5.680000e+00,-9.900000e-02
1.867700e+01,2.557872e+01,-1.685264e+01,5.680000e+00,-9.900000e-02
1.868100e+01,2.560965e+01,-1.689168e+01,5.680000e+00,-9.900000e-02
1.868500e+01,2.564050e+01,-1.693079e+01,5.680000e+00,-9.900000e-02
1.868900e+01,2.567126e+01,-1.696997e+01,5.680000e+00,-9.900000e-02
1.869400e+01,2.570959e+01,-1.701904e+01,5.680000e+00,-9.900000e-02
1.869900e+01,2.574778e+01,-1.706821e+01,5.680000e+00,-9.900000e-02
1.870300e+01,2.577824e+01,-1.710762e+01,5.680000e+00,-9.900000e-02
1.870800e+01,2.581620e+01,-1.715698e+01,5.680000e+00,-9.900000e-02
1.871200e+01,2.584646e+01,-1.719654e+01,5.680000e+00,-9.900000e-02
1.871600e+01,2.587664e+01,-1.723617e+01,5.680000e+00,-9.900000e-02
1.872100e+01,2.591425e+01,-1.728579e+01,5.680000e+00,-9.900000e-02
1.872600e+01,2.595172e+01,-1.733552e+01,5.680000e+00,-9.900000e-02
1.873000e+01,2.598159e+01,-1.737538e+01,5.680000e+00,-9.900000e-02
1.873500e+01,2.601882e+01,-1.742529e+01,5.680000e+00,-9.900000e-02
1.874100e+01,2.606331e+01,-1.748531e+01,5.680000e+00,-9.900000e-02
1.874500e+01,2.609286e+01,-1.752541e+01,5.680000e+00,-9.900000e-02
1.874900e+01,2.612232e+01,-1.756558e+01,5.680000e+00,-9.900000e-02
1.875300e+01,2.615170e+01,-1.760580e+01,5.680000e+00,-9.900000e-02
1.875700e+01,2.618099e+01,-1.764609e+01,5.680000e+00,-9.900000e-02
1.876200e+01,2.621747e+01,-1.769655e+01,5.680000e+00,-9.900000e-02
1.876600e+01,2.624656e+01,-1.773698e+01,5.680000e+00,-9.900000e-02
1.877100e+01,2.628280e+01,-1.778761e+01,5.680000e+00,-9.900000e-02
1.877500e+01,2.631169e+01,-1.782819e+01,5.680000e+00,-9.900000e-02
1.877900e+01,2.634049e+01,-1.786883e+01,5.680000e+00,-9.900000e-02
1.878400e+01,2.637637e+01,-1.791972e+01,5.680000e+00,-9.900000e-02
1.879200e+01,2.643349e+01,-1.800134e+01,5.680000e+00,-9.900000e-02
1.879800e+01,2.647609e+01,-1.806272e+01,5.680000e+00,-9.900000e-02
1.880300e+01,2.651144e+01,-1.811398e+01,5.680000e+00,-9.900000e-02
1.880700e+01,2.653962e+01,-1.815505e+01,5.680000e+00,-9.900000e-02
1.881100e+01,2.656771e+01,-1.819619e+01,5.680000e+00,-9.900000e-02
1.881600e+01,2.660270e+01,-1.824769e+01,5.680000e+00,-9.900000e-02
1.882100e+01,2.663755e+01,-1.829929e+01,5.680000e+00,-9.900000e-02
1.882700e+01,2.667918e+01,-1.836134e+01,5.680000e+00,-9.900000e-02
1.883200e+01,2.671371e+01,-1.841315e+01,5.680000e+00,-9.900000e-02
1.883600e+01,2.674124e+01,-1.845466e+01,5.680000e+00,-9.900000e-02
1.884100e+01,2.677552e+01,-1.850664e+01,5.680000e+00,-9.900000e-02
1.884500e+01,2.680284e+01,-1.854829e+01,5.680000e+00,-9.900000e-02
1.885000e+01,2.683687e+01,-1.860043e+01,5.680000e+00,-9.900000e-02
1.885600e+01,2.687751e+01,-1.866313e+01,5.680000e+00,-9.900000e-02
1.886000e+01,2.690450e+01,-1.870500e+01,5.680000e+00,-9.900000e-02
1.886600e+01,2.694480e+01,-1.876791e+01,5.680000e+00,-9.900000e-02
1.887200e+01,2.698489e+01,-1.883096e+01,5.680000e+00,-9.900000e-02
1.887800e+01,2.702478e+01,-1.889414e+01,5.680000e+00,-9.900000e-02
1.888200e+01,2.705126e+01,-1.893633e+01,5.680000e+00,-9.900000e-02
1.888700e+01,2.708423e+01,-1.898915e+01,5.680000e+00,-9.900000e-02
1.889200e+01,2.711705e+01,-1.904206e+01,5.680000e+00,-9.900000e-02
1.889600e+01,2.714321e+01,-1.908446e+01,5.680000e+00,-9.900000e-02
1.890200e+01,2.718227e+01,-1.914815e+01,5.680000e+00,-9.900000e-02
1.890700e+01,2.721466e+01,-1.920133e+01,5.680000e+00,-9.900000e-02
1.891300e+01,2.725334e+01,-1.926526e+01,5.680000e+00,-9.900000e-02
1.891700e+01,2.727901e+01,-1.930794e+01,5.680000e+00,-9.900000e-02
1.892300e+01,2.731734e+01,-1.937208e+01,5.680000e+00,-9.900000e-02
1.892800e+01,2.734912e+01,-1.942563e+01,5.680000e+00,-9.900000e-02
1.893200e+01,2.737444e+01,-1.946852e+01,5.680000e+00,-9.900000e-02
1.893800e+01,2.741224e+01,-1.953297e+01,5.680000e+00,-9.900000e-02
1.894400e+01,2.744983e+01,-1.959755e+01,5.680000e+00,-9.900000e-02
1.894900e+01,2.748100e+01,-1.965145e+01,5.680000e+00,-9.900000e-02
1.895300e+01,2.750582e+01,-1.969463e+01,5.680000e+00,-9.900000e-02
1.895700e+01,2.753056e+01,-1.973787e+01,5.680000e+00,-9.900000e-02
1.896200e+01,2.756134e+01,-1.979200e+01,5.680000e+00,-9.900000e-02
1.896600e+01,2.758586e+01,-1.983536e+01,5.680000e+00,-9.900000e-02
1.897100e+01,2.761638e+01,-1.988963e+01,5.680000e+00,-9.900000e-02
1.897700e+01,2.765280e+01,-1.995487e+01,5.680000e+00,-9.900000e-02
1.898100e+01,2.767697e+01,-1.999843e+01,5.680000e+00,-9.900000e-02
1.898600e+01,2.770704e+01,-2.005295e+01,5.680000e+00,-9.900000e-02
1.899200e+01,2.774293e+01,-2.011848e+01,5.680000e+00,-9.900000e-02
1.899700e+01,2.777268e+01,-2.017318e+01,5.680000e+00,-9.900000e-02
1.900100e+01,2.779636e+01,-2.021700e+01,5.680000e+00,-9.900000e-02
1.900600e+01,2.782584e+01,-2.027185e+01,5.680000e+00,-9.900000e-02
1.901200e+01,2.786102e+01,-2.033777e+01,5.680000e+00,-9.900000e-02
1.901600e+01,2.788435e+01,-2.038178e+01,5.680000e+00,-9.900000e-02
1.902300e+01,2.792494e+01,-2.045892e+01,5.680000e+00,-9.900000e-02
1.902700e+01,2.794801e+01,-2.050307e+01,5.680000e+00,-9.900000e-02
1.903100e+01,2.797098e+01,-2.054727e+01,5.680000e+00,-9.900000e-02
1.903500e+01,2.799385e+01,-2.059152e+01,5.680000e+00,-9.900000e-02
1.904000e+01,2.802231e+01,-2.064691e+01,5.680000e+00,-9.900000e-02
1.904500e+01,2.805061e+01,-2.070237e+01,5.680000e+00,-9.900000e-02
1.904900e+01,2.807315e+01,-2.074679e+01,5.680000e+00,-9.900000e-02
1.905400e+01,2.810118e+01,-2.080239e+01,5.680000e+00,-9.900000e-02
1.905700e+01,2.811793e+01,-2.083579e+01,5.680000e+00,-9.900000e-02
1.906200e+01,2.814572e+01,-2.089151e+01,5.680000e+00,-9.900000e-02
1.906500e+01,2.816232e+01,-2.092497e+01,5.680000e+00,-9.900000e-02
1.906900e+01,2.818437e+01,-2.096964e+01,5.680000e+00,-9.900000e-02
1.907400e+01,2.821179e+01,-2.102554e+01,5.680000e+00,-9.900000e-02
1.908000e+01,2.824450e+01,-2.109272e+01,5.680000e+00,-9.900000e-02
1.908400e+01,2.826619e+01,-2.113757e+01,5.680000e+00,-9.900000e-02
1.908800e+01,2.828777e+01,-2.118246e+01,5.680000e+00,-9.900000e-02
1.909200e+01,2.830926e+01,-2.122740e+01,5.680000e+00,-9.900000e-02
1.909600e+01,2.833065e+01,-2.127239e+01,5.680000e+00,-9.900000e-02
1.910000e+01,2.835194e+01,-2.131742e+01,5.680000e+00,-9.900000e-02
1.910400e+01,2.837314e+01,-2.136250e+01,5.680000e+00,-9.900000e-02
1.910900e+01,2.839949e+01,-2.141891e+01,5.680000e+00,-9.900000e-02
1.911300e+01,2.842046e+01,-2.146409e+01,5.680000e+00,-9.900000e-02
1.911700e+01,2.844134e+01,-2.150932e+01,5.680000e+00,-9.900000e-02
1.912200e+01,2.846729e+01,-2.156592e+01,5.680000e+00,-9.900000e-02
1.912500e+01,2.848279e+01,-2.159992e+01,5.680000e+00,-9.900000e-02
1.912900e+01,2.850337e+01,-2.164528e+01,5.680000e+00,-9.900000e-02
1.913500e+01,2.853405e+01,-2.171341e+01,5.680000e+00,-9.900000e-02
1.913900e+01,2.855438e+01,-2.175888e+01,5.680000e+00,-9.900000e-02
1.914400e+01,2.857965e+01,-2.181579e+01,5.680000e+00,-9.900000e-02
1.914800e+01,2.859976e+01,-2.186137e+01,5.680000e+00,-9.900000e-02
1.915300e+01,2.862475e+01,-2.191840e+01,5.680000e+00,-9.900000e-02
1.915700e+01,2.864464e+01,-2.196407e+01,5.680000e+00,-9.900000e-02
1.916200e+01,2.866935e+01,-2.202122e+01,5.680000e+00,-9.900000e-02
1.916600e+01,2.868901e+01,-2.206699e+01,5.680000e+00,-9.900000e-02
1.917100e+01,2.871344e+01,-2.212426e+01,5.680000e+00,-9.900000e-02
1.917600e+01,2.873772e+01,-2.218160e+01,5.680000e+00,-9.900000e-02
1.918000e+01,2.875703e+01,-2.222752e+01,5.680000e+00,-9.900000e-02
1.918500e+01,2.878103e+01,-2.228498e+01,5.680000e+00,-9.900000e-02
1.919100e+01,2.880961e+01,-2.235401e+01,5.680000e+00,-9.900000e-02
1.919500e+01,2.882855e+01,-2.240008e+01,5.680000e+00,-9.900000e-02
1.920100e+01,2.885676e+01,-2.246927e+01,5.680000e+00,-9.900000e-02
1.920700e+01,2.888475e+01,-2.253855e+01,5.680000e+00,-9.900000e-02
1.921200e+01,2.890789e+01,-2.259636e+01,5.680000e+00,-9.900000e-02
1.921800e+01,2.893546e+01,-2.266581e+01,5.680000e+00,-9.900000e-02
1.922300e+01,2.895827e+01,-2.272375e+01,5.680000e+00,-9.900000e-02
1.922700e+01,2.897639e+01,-2.277015e+01,5.680000e+00,-9.900000e-02
1.923100e+01,2.899442e+01,-2.281658e+01,5.680000e+00,-9.900000e-02
1.923600e+01,2.901681e+01,-2.287469e+01,5.680000e+00,-9.900000e-02
1.924100e+01,2.903904e+01,-2.293285e+01,5.680000e+00,-9.900000e-02
1.924500e+01,2.905671e+01,-2.297942e+01,5.680000e+00,-9.900000e-02
1.925000e+01,2.907866e+01,-2.303769e+01,5.680000e+00,-9.900000e-02
1.925500e+01,2.910045e+01,-2.309602e+01,5.680000e+00,-9.900000e-02
1.925900e+01,2.911776e+01,-2.314273e+01,5.680000e+00,-9.900000e-02
1.926300e+01,2.913498e+01,-2.318947e+01,5.680000e+00,-9.900000e-02
1.926800e+01,2.915635e+01,-2.324796e+01,5.680000e+00,-9.900000e-02
1.927200e+01,2.917334e+01,-2.329479e+01,5.680000e+00,-9.900000e-02
1.927700e+01,2.919442e+01,-2.335337e+01,5.680000e+00,-9.900000e-02
1.928300e+01,2.921952e+01,-2.342376e+01,5.680000e+00,-9.900000e-02
1.928800e+01,2.924025e+01,-2.348247e+01,5.680000e+00,-9.900000e-02
1.929200e+01,2.925672e+01,-2.352948e+01,5.680000e+00,-9.900000e-02
1.929600e+01,2.927309e+01,-2.357653e+01,5.680000e+00,-9.900000e-02
1.930200e+01,2.929746e+01,-2.364716e+01,5.680000e+00,-9.900000e-02
1.930600e+01,2.931357e+01,-2.369430e+01,5.680000e+00,-9.900000e-02
1.931000e+01,2.932958e+01,-2.374147e+01,5.680000e+00,-9.900000e-02
1.931500e+01,2.934945e+01,-2.380048e+01,5.680000e+00,-9.900000e-02
1.932000e+01,2.936916e+01,-2.385955e+01,5.680000e+00,-9.900000e-02
1.932400e+01,2.938481e+01,-2.390684e+01,5.680000e+00,-9.900000e-02
1.932900e+01,2.940423e+01,-2.396600e+01,5.680000e+00,-9.900000e-02
1.933400e+01,2.942349e+01,-2.402521e+01,5.680000e+00,-9.900000e-02
1.933900e+01,2.944258e+01,-2.408448e+01,5.680000e+00,-9.900000e-02
1.934400e+01,2.946152e+01,-2.414380e+01,5.680000e+00,-9.900000e-02
1.934800e+01,2.947655e+01,-2.419129e+01,5.680000e+00,-9.900000e-02
1.935400e+01,2.949890e+01,-2.426259e+01,5.680000e+00,-9.900000e-02
1.936000e+01,2.952102e+01,-2.433396e+01,5.680000e+00,-9.900000e-02
1.936600e+01,2.954291e+01,-2.440541e+01,5.680000e+00,-9.900000e-02
1.937100e+01,2.956097e+01,-2.446500e+01,5.680000e+00,-9.900000e-02
1.937600e+01,2.957887e+01,-2.452464e+01,5.680000e+00,-9.900000e-02
1.938100e+01,2.959660e+01,-2.458432e+01,5.680000e+00,-9.900000e-02
1.938700e+01,2.961767e+01,-2.465601e+01,5.680000e+00,-9.900000e-02
1.939200e+01,2.963504e+01,-2.471581e+01,5.680000e+00,-9.900000e-02
1.939600e+01,2.964883e+01,-2.476368e+01,5.680000e+00,-9.900000e-02
1.940100e+01,2.966591e+01,-2.482356e+01,5.680000e+00,-9.900000e-02
1.940600e+01,2.968283e+01,-2.488348e+01,5.680000e+00,-9.900000e-02
1.941100e+01,2.969959e+01,-2.494345e+01,5.680000e+00,-9.900000e-02
1.941500e+01,2.971288e+01,-2.499146e+01,5.680000e+00,-9.900000e-02
1.942000e+01,2.972934e+01,-2.505151e+01,5.680000e+00,-9.900000e-02
1.942400e+01,2.974239e+01,-2.509959e+01,5.680000e+00,-9.900000e-02
1.942900e+01,2.975856e+01,-2.515972e+01,5.680000e+00,-9.900000e-02
1.943300e+01,2.977137e+01,-2.520785e+01,5.680000e+00,-9.900000e-02
1.943800e+01,2.978725e+01,-2.526806e+01,5.680000e+00,-9.900000e-02
1.944300e+01,2.980296e+01,-2.532832e+01,5.680000e+00,-9.900000e-02
1.944800e+01,2.981850e+01,-2.538861e+01,5.680000e+00,-9.900000e-02
1.945200e+01,2.983082e+01,-2.543688e+01,5.680000e+00,-9.900000e-02
1.945700e+01,2.984607e+01,-2.549725e+01,5.680000e+00,-9.900000e-02
1.946300e+01,2.986415e+01,-2.556975e+01,5.680000e+00,-9.900000e-02
1.946800e+01,2.987903e+01,-2.563022e+01,5.680000e+00,-9.900000e-02
1.947300e+01,2.989376e+01,-2.569072e+01,5.680000e+00,-9.900000e-02
1.947700e+01,2.990541e+01,-2.573915e+01,5.680000e+00,-9.900000e-02
1.948100e+01,2.991697e+01,-2.578761e+01,5.680000e+00,-9.900000e-02
1.948500e+01,2.992841e+01,-2.583609e+01,5.680000e+00,-9.900000e-02
1.948900e+01,2.993976e+01,-2.588459e+01,5.680000e+00,-9.900000e-02
1.949300e+01,2.995099e+01,-2.593312e+01,5.680000e+00,-9.900000e-02
1.949800e+01,2.996489e+01,-2.599382e+01,5.680000e+00,-9.900000e-02
1.950200e+01,2.997589e+01,-2.604241e+01,5.680000e+00,-9.900000e-02
1.950700e+01,2.998948e+01,-2.610317e+01,5.680000e+00,-9.900000e-02
1.951200e+01,3.000292e+01,-2.616397e+01,5.680000e+00,-9.900000e-02
1.951600e+01,3.001354e+01,-2.621264e+01,5.680000e+00,-9.900000e-02
1.952100e+01,3.002668e+01,-2.627351e+01,5.680000e+00,-9.900000e-02
1.952700e+01,3.004222e+01,-2.634660e+01,5.680000e+00,-9.900000e-02
1.953200e+01,3.005499e+01,-2.640754e+01,5.680000e+00,-9.900000e-02
1.953600e+01,3.006508e+01,-2.645632e+01,5.680000e+00,-9.900000e-02
1.954100e+01,3.007755e+01,-2.651733e+01,5.680000e+00,-9.900000e-02
1.954600e+01,3.008986e+01,-2.657837e+01,5.680000e+00,-9.900000e-02
1.955000e+01,3.009958e+01,-2.662722e+01,5.680000e+00,-9.900000e-02
1.955400e+01,3.010920e+01,-2.667610e+01,5.680000e+00,-9.900000e-02
1.955900e+01,3.012107e+01,-2.673723e+01,5.680000e+00,-9.900000e-02
1.956300e+01,3.013045e+01,-2.678615e+01,5.680000e+00,-9.900000e-02
1.956800e+01,3.014202e+01,-2.684734e+01,5.680000e+00,-9.900000e-02
1.957400e+01,3.015568e+01,-2.692080e+01,5.680000e+00,-9.900000e-02
1.957800e+01,3.016466e+01,-2.696980e+01,5.680000e+00,-9.900000e-02
1.958300e+01,3.017573e+01,-2.703107e+01,5.680000e+00,-9.900000e-02
1.958800e+01,3.018664e+01,-2.709238e+01,5.680000e+00,-9.900000e-02
1.959200e+01,3.019524e+01,-2.714144e+01,5.680000e+00,-9.900000e-02
1.959700e+01,3.020584e+01,-2.720280e+01,5.680000e+00,-9.900000e-02
1.960200e+01,3.021628e+01,-2.726419e+01,5.680000e+00,-9.900000e-02
1.960700e+01,3.022655e+01,-2.732561e+01,5.680000e+00,-9.900000e-02
1.961000e+01,3.023263e+01,-2.736247e+01,5.680000e+00,-9.900000e-02
1.961600e+01,3.024461e+01,-2.743622e+01,5.680000e+00,-9.900000e-02
1.962000e+01,3.025246e+01,-2.748542e+01,5.680000e+00,-9.900000e-02
1.962500e+01,3.026213e+01,-2.754693e+01,5.680000e+00,-9.900000e-02
1.963000e+01,3.027162e+01,-2.760847e+01,5.680000e+00,-9.900000e-02
1.963500e+01,3.028096e+01,-2.767003e+01,5.680000e+00,-9.900000e-02
1.963900e+01,3.028830e+01,-2.771931e+01,5.680000e+00,-9.900000e-02
1.964300e+01,3.029553e+01,-2.776859e+01,5.680000e+00,-9.900000e-02
1.964600e+01,3.030089e+01,-2.780557e+01,5.680000e+00,-9.900000e-02
1.965100e+01,3.030968e+01,-2.786721e+01,5.680000e+00,-9.900000e-02
1.965700e+01,3.032002e+01,-2.794122e+01,5.680000e+00,-9.900000e-02
1.966100e+01,3.032677e+01,-2.799057e+01,5.680000e+00,-9.900000e-02
1.966600e+01,3.033506e+01,-2.805229e+01,5.680000e+00,-9.900000e-02
1.967100e+01,3.034318e+01,-2.811402e+01,5.680000e+00,-9.900000e-02
1.967500e+01,3.034955e+01,-2.816343e+01,5.680000e+00,-9.900000e-02
1.967900e+01,3.035582e+01,-2.821285e+01,5.680000e+00,-9.900000e-02
1.968300e+01,3.036198e+01,-2.826228e+01,5.680000e+00,-9.900000e-02
1.968800e+01,3.036953e+01,-2.832409e+01,5.680000e+00,-9.900000e-02
1.969200e+01,3.037545e+01,-2.837355e+01,5.680000e+00,-9.900000e-02
1.969600e+01,3.038126e+01,-2.842303e+01,5.680000e+00,-9.900000e-02
1.970000e+01,3.038696e+01,-2.847251e+01,5.680000e+00,-9.900000e-02
1.970600e+01,3.039531e+01,-2.854677e+01,5.680000e+00,-9.900000e-02
1.971200e+01,3.040342e+01,-2.862105e+01,5.680000e+00,-9.900000e-02
1.971600e+01,3.040869e+01,-2.867058e+01,5.680000e+00,-9.900000e-02
1.972100e+01,3.041512e+01,-2.873252e+01,5.680000e+00,-9.900000e-02
1.972500e+01,3.042015e+01,-2.878208e+01,5.680000e+00,-9.900000e-02
1.972900e+01,3.042507e+01,-2.883165e+01,5.680000e+00,-9.900000e-02
1.973500e+01,3.043225e+01,-2.890603e+01,5.680000e+00,-9.900000e-02
1.974000e+01,3.043804e+01,-2.896803e+01,5.680000e+00,-9.900000e-02
1.974400e+01,3.044256e+01,-2.901764e+01,5.680000e+00,-9.900000e-02
1.974900e+01,3.044805e+01,-2.907966e+01,5.680000e+00,-9.900000e-02
1.975400e+01,3.045337e+01,-2.914170e+01,5.680000e+00,-9.900000e-02
1.975800e+01,3.045750e+01,-2.919135e+01,5.680000e+00,-9.900000e-02
1.976200e+01,3.046153e+01,-2.924100e+01,5.680000e+00,-9.900000e-02
1.976600e+01,3.046545e+01,-2.929066e+01,5.680000e+00,-9.900000e-02
1.977100e+01,3.047020e+01,-2.935275e+01,5.680000e+00,-9.900000e-02
1.977600e+01,3.047477e+01,-2.941485e+01,5.680000e+00,-9.900000e-02
1.978100e+01,3.047918e+01,-2.947696e+01,5.680000e+00,-9.900000e-02
1.978600e+01,3.048342e+01,-2.953909e+01,5.680000e+00,-9.900000e-02
1.979000e+01,3.048669e+01,-2.958879e+01,5.680000e+00,-9.900000e-02
1.979400e+01,3.048985e+01,-2.963851e+01,5.680000e+00,-9.900000e-02
1.979900e+01,3.049365e+01,-2.970066e+01,5.680000e+00,-9.900000e-02
1.980400e+01,3.049728e+01,-2.976282e+01,5.680000e+00,-9.900000e-02
1.980900e+01,3.050074e+01,-2.982500e+01,5.680000e+00,-9.900000e-02
1.981300e+01,3.050338e+01,-2.987474e+01,5.680000e+00,-9.900000e-02
1.981800e+01,3.050654e+01,-2.993693e+01,5.680000e+00,-9.900000e-02
1.982300e+01,3.050952e+01,-2.999913e+01,5.680000e+00,-9.900000e-02
1.982800e+01,3.051234e+01,-3.006133e+01,5.680000e+00,-9.900000e-02
1.983300e+01,3.051499e+01,-3.012355e+01,5.680000e+00,-9.900000e-02
1.983800e+01,3.051746e+01,-3.018577e+01,5.680000e+00,-9.900000e-02
1.984200e+01,3.051932e+01,-3.023555e+01,5.680000e+00,-9.900000e-02
1.984700e+01,3.052150e+01,-3.029778e+01,5.680000e+00,-9.900000e-02
1.985200e+01,3.052350e+01,-3.036001e+01,5.680000e+00,-9.900000e-02
1.985700e+01,3.052533e+01,-3.042226e+01,5.680000e+00,-9.900000e-02
1.986000e+01,3.052635e+01,-3.045960e+01,5.680000e+00,-9.900000e-02
1.986500e+01,3.052791e+01,-3.052185e+01,5.680000e+00,-9.900000e-02
1.986900e+01,3.052904e+01,-3.057166e+01,5.680000e+00,-9.900000e-02
1.987400e+01,3.053029e+01,-3.063391e+01,5.680000e+00,-9.900000e-02
1.987900e+01,3.053138e+01,-3.069617e+01,